Name,Day,Time,Date,lc,Count,Time Offset,LocNumber,Failures,Hauled Out,Satellites,InitLat,InitLon,InitTime,InitType,Latitude,Longitude,Height,Bad Sats,Residual,Time Error,TWIC Power,Fastloc Power,Noise,Range Bits,Id,Range,Signal,Doppler,CNR,Id,Range,Signal,Doppler,CNR,Id,Range,Signal,Doppler,CNR,Id,Range,Signal,Doppler,CNR,Id,Range,Signal,Doppler,CNR,Id,Range,Signal,Doppler,CNR,Id,Range,Signal,Doppler,CNR,Id,Range,Signal,Doppler,CNR,Id,Range,Signal,Doppler,CNR,Id,Range,Signal,Doppler,CNR,Id,Range,Signal,Doppler,CNR,Id,Range,Signal,Doppler,CNR,Id,Range,Signal,Doppler,CNR,Id,Range,Signal,Doppler,CNR,Id,Range,Signal,Doppler,CNR
180855,28-Apr-19,14:47:01,2019-04-28 14:47:01,G,12,,29,,0,9,-62.4657,-60.7808,47:01.5,FastGPS,-62.4657,-60.7808,,,13.5,0.5,,,,15,14,30713,,,,22,16627,,,,8,9316,,,,10,18142,,,,32,29525,,,,18,5987,,,,27,10248,,,,11,20301,,,,3,31946,,,,,,,,,,,,,,,,,,,,,,,,,,,,,,,,,
180855,28-Apr-19,15:48:09,2019-04-28 15:48:09,G,16,,30,,0,9,-62.4574,-60.7664,48:08.4,FastGPS,-62.4574,-60.7664,,,6.6,-0.6,,,,15,17,23508,,,,18,14578,,,,11,1705,,,,22,20553,,,,14,20694,,,,32,31184,,,,1,23531,,,,19,13461,,,,3,19965,,,,,,,,,,,,,,,,,,,,,,,,,,,,,,,,,
180855,28-Apr-19,17:54:00,2019-04-28 17:54:00,G,4,,31,6,0,7,-62.4129,-60.7385,54:00.0,FastGPS,-62.4129,-60.7385,,,3.8,0,,,,15,31,10184,,,,23,6385,,,,3,21513,,,,22,17716,,,,17,27980,,,,19,26087,,,,1,2710,,,,,,,,,,,,,,,,,,,,,,,,,,,,,,,,,,,,,,,,,,,
180855,28-Apr-19,18:55:48,2019-04-28 18:55:48,G,28,,32,6,0,8,-62.3764,-60.7785,55:48.4,FastGPS,-62.3764,-60.7785,,1,5.2,0.4,,,,15,3,20130,,,,23,4618,,,,22,6985,,,,4,25777,,,,9,41,,,,31,1651,,,,19,17563,,,,6,27870,,,,,,,,,,,,,,,,,,,,,,,,,,,,,,,,,,,,,,
180855,28-Apr-19,19:57:39,2019-04-28 19:57:39,G,10,,33,6,0,7,-62.342,-60.838,57:38.4,FastGPS,-62.342,-60.838,,,10.8,-0.5,,,,15,7,10156,,,,23,17943,,,,6,9396,,,,3,23846,,,,16,6050,,,,2,28290,,,,9,20842,,,,,,,,,,,,,,,,,,,,,,,,,,,,,,,,,,,,,,,,,,,
180855,28-Apr-19,21:16:27,2019-04-28 21:16:27,G,10,,34,7,0,7,-62.2935,-60.9139,16:27.0,FastGPS,-62.2935,-60.9139,,1,2.1,0,,,,15,23,10041,,,,7,15805,,,,9,13441,,,,30,32470,,,,16,10587,,,,4,8063,,,,2,21870,,,,,,,,,,,,,,,,,,,,,,,,,,,,,,,,,,,,,,,,,,,
180855,28-Apr-19,23:01:00,2019-04-28 23:01:00,G,16,,35,10,0,7,-62.2295,-61.0077,00:59.4,FastGPS,-62.2295,-61.0077,,1,12.1,-0.6,,,,15,7,29475,,,,5,29745,,,,30,14729,,,,4,15859,,,,13,2978,,,,28,27163,,,,15,29147,,,,,,,,,,,,,,,,,,,,,,,,,,,,,,,,,,,,,,,,,,,
180855,29-Apr-19,0:17:21,2019-04-29 00:17:21,G,12,,36,11,0,8,-62.1934,-61.0582,17:19.9,FastGPS,-62.1934,-61.0582,,,5,-1.1,,,,15,15,7043,,,,7,21508,,,,30,18047,,,,13,29221,,,,8,13285,,,,28,21949,,,,27,9352,,,,5,29521,,,,,,,,,,,,,,,,,,,,,,,,,,,,,,,,,,,,,,
180855,29-Apr-19,1:32:00,2019-04-29 01:32:00,G,8,,37,12,0,7,-62.2024,-61.0549,31:58.9,FastGPS,-62.2024,-61.0549,,,3.9,-1.1,,,,15,15,8967,,,,13,1506,,,,17,30699,,,,28,2826,,,,18,27696,,,,20,3139,,,,10,19479,,,,,,,,,,,,,,,,,,,,,,,,,,,,,,,,,,,,,,,,,,,
180855,29-Apr-19,2:47:00,2019-04-29 02:47:00,G,8,,38,13,0,8,-62.2116,-61.0571,46:58.9,FastGPS,-62.2116,-61.0571,,,12.9,-1.1,,,,15,15,24110,,,,10,25988,,,,24,19103,,,,13,13114,,,,28,32121,,,,1,7861,,,,17,22884,,,,11,14100,,,,,,,,,,,,,,,,,,,,,,,,,,,,,,,,,,,,,,
180855,29-Apr-19,3:49:38,2019-04-29 03:49:38,G,8,,39,13,0,6,-62.2191,-61.0611,49:37.4,FastGPS,-62.2191,-61.0611,,,14.4,-0.6,,,,15,32,21496,,,,12,14088,,,,14,14960,,,,22,32091,,,,24,15916,,,,1,27082,,,,,,,,,,,,,,,,,,,,,,,,,,,,,,,,,,,,,,,,,,,,,,,,
180855,29-Apr-19,5:35:59,2019-04-29 05:35:59,G,8,,40,,0,9,-62.2293,-61.0685,35:59.4,FastGPS,-62.2293,-61.0685,,,5.7,0.4,,,,15,32,24386,,,,12,25958,,,,25,28027,,,,31,23195,,,,3,10931,,,,2,25307,,,,14,18774,,,,24,20947,,,,19,19079,,,,,,,,,,,,,,,,,,,,,,,,,,,,,,,,,
180855,29-Apr-19,6:59:00,2019-04-29 06:59:00,G,18,,41,17,0,6,-62.2431,-61.0565,58:59.9,FastGPS,-62.2431,-61.0565,,,12.3,-0.1,,,,15,31,24971,,,,29,808,,,,23,3487,,,,6,2509,,,,2,32021,,,,25,19799,,,,,,,,,,,,,,,,,,,,,,,,,,,,,,,,,,,,,,,,,,,,,,,,
180855,29-Apr-19,9:33:45,2019-04-29 09:33:45,G,6,,42,17,0,8,-62.2771,-60.9964,33:44.4,FastGPS,-62.2771,-60.9964,,1,7.6,-0.6,,,,15,26,23961,,,,5,19500,,,,16,12382,,,,7,18650,,,,4,1190,,,,21,19651,,,,29,5240,,,,9,32379,,,,,,,,,,,,,,,,,,,,,,,,,,,,,,,,,,,,,,
180855,29-Apr-19,15:30:39,2019-04-29 15:30:39,G,10,,43,17,0,8,-62.3611,-60.7918,30:39.4,FastGPS,-62.3611,-60.7918,,,5,0.4,,,,15,17,9357,,,,10,4961,,,,24,2662,,,,1,2991,,,,22,12653,,,,19,19283,,,,11,12850,,,,32,8007,,,,,,,,,,,,,,,,,,,,,,,,,,,,,,,,,,,,,,
180855,29-Apr-19,16:32:25,2019-04-29 16:32:25,G,12,,44,17,0,7,-62.375,-60.7374,32:24.4,FastGPS,-62.375,-60.7374,,,7.6,-0.6,,,,15,12,23563,,,,32,7740,,,,17,25678,,,,19,31422,,,,3,31907,,,,14,10998,,,,31,11087,,,,,,,,,,,,,,,,,,,,,,,,,,,,,,,,,,,,,,,,,,,
180855,29-Apr-19,18:39:01,2019-04-29 18:39:01,G,6,,45,17,0,6,-62.4134,-60.642,38:59.9,FastGPS,-62.4134,-60.642,,,3.7,-1.1,,,,15,31,620,,,,6,7334,,,,9,13876,,,,25,12025,,,,2,11893,,,,19,24977,,,,,,,,,,,,,,,,,,,,,,,,,,,,,,,,,,,,,,,,,,,,,,,,
180855,29-Apr-19,20:28:52,2019-04-29 20:28:52,G,16,,46,,0,9,-62.4495,-60.5612,28:51.9,FastGPS,-62.4495,-60.5612,,1,10,-0.1,,,,15,5,20638,,,,2,7011,,,,7,26646,,,,4,3018,,,,29,9986,,,,9,15996,,,,6,30291,,,,26,11815,,,,23,19202,,,,,,,,,,,,,,,,,,,,,,,,,,,,,,,,,
180855,29-Apr-19,22:51:29,2019-04-29 22:51:29,G,18,,47,,0,9,-62.5083,-60.5011,51:29.4,FastGPS,-62.5083,-60.5011,,,3.7,0.4,,,,15,5,18232,,,,13,30935,,,,7,30601,,,,21,24165,,,,8,14754,,,,27,9920,,,,30,28121,,,,16,21501,,,,9,31586,,,,,,,,,,,,,,,,,,,,,,,,,,,,,,,,,
180855,30-Apr-19,0:08:22,2019-04-30 00:08:22,G,10,,48,19,0,5,-62.5262,-60.4509,08:21.9,FastGPS,-62.5262,-60.4509,,,3.7,-0.1,,,,15,7,12743,,,,30,30624,,,,15,21205,,,,28,4457,,,,5,10936,,,,,,,,,,,,,,,,,,,,,,,,,,,,,,,,,,,,,,,,,,,,,,,,,,,,,
180855,30-Apr-19,1:08:48,2019-04-30 01:08:48,G,4,,49,19,0,8,-62.5258,-60.4092,08:48.4,FastGPS,-62.5258,-60.4092,,,14.1,0.4,,,,15,15,15994,,,,18,23102,,,,30,5938,,,,11,30339,,,,17,28585,,,,28,9599,,,,1,29230,,,,13,27506,,,,,,,,,,,,,,,,,,,,,,,,,,,,,,,,,,,,,,
180855,30-Apr-19,2:09:30,2019-04-30 02:09:30,G,4,,50,,0,9,-62.5239,-60.3432,09:28.9,FastGPS,-62.5239,-60.3432,,,14.4,-1.1,,,,15,17,9885,,,,24,13021,,,,15,26982,,,,28,25081,,,,18,6549,,,,10,14793,,,,11,14833,,,,1,2118,,,,19,5000,,,,,,,,,,,,,,,,,,,,,,,,,,,,,,,,,
180855,30-Apr-19,3:10:13,2019-04-30 03:10:13,G,6,,51,19,0,7,-62.5103,-60.2899,10:11.8,FastGPS,-62.5103,-60.2899,,,8.3,-1.1,,,,15,17,9555,,,,28,14293,,,,19,27298,,,,15,27170,,,,24,5404,,,,13,14884,,,,1,7616,,,,,,,,,,,,,,,,,,,,,,,,,,,,,,,,,,,,,,,,,,,
180855,30-Apr-19,4:26:01,2019-04-30 04:26:01,G,4,,52,20,0,7,-62.4789,-60.2317,25:59.9,FastGPS,-62.4789,-60.2317,,,10.6,-1.1,,,,15,17,15969,,,,6,8605,,,,32,22344,,,,19,1046,,,,22,8229,,,,24,21985,,,,2,2177,,,,,,,,,,,,,,,,,,,,,,,,,,,,,,,,,,,,,,,,,,,
180855,30-Apr-19,5:26:02,2019-04-30 05:26:02,G,6,,53,,0,9,-62.4567,-60.1789,26:01.3,FastGPS,-62.4567,-60.1789,,,13,-0.6,,,,15,6,18787,,,,2,13722,,,,19,21948,,,,12,3171,,,,24,19580,,,,25,17687,,,,3,29195,,,,14,29485,,,,17,30735,,,,,,,,,,,,,,,,,,,,,,,,,,,,,,,,,
180855,30-Apr-19,6:26:25,2019-04-30 06:26:25,G,10,,54,20,0,7,-62.4335,-60.1212,26:25.3,FastGPS,-62.4335,-60.1212,,,6.8,0.3,,,,15,12,10850,,,,6,31050,,,,29,8752,,,,31,24033,,,,19,21831,,,,2,7852,,,,25,14946,,,,,,,,,,,,,,,,,,,,,,,,,,,,,,,,,,,,,,,,,,,
180855,30-Apr-19,7:27:19,2019-04-30 07:27:19,G,6,,55,20,0,5,-62.4057,-60.0799,27:18.8,FastGPS,-62.4057,-60.0799,,,7.5,-0.2,,,,15,12,22270,,,,5,27438,,,,2,19838,,,,29,8980,,,,25,27626,,,,,,,,,,,,,,,,,,,,,,,,,,,,,,,,,,,,,,,,,,,,,,,,,,,,,
180855,30-Apr-19,8:27:01,2019-04-30 08:27:01,G,8,,56,20,0,7,-62.3858,-60.031,27:00.3,FastGPS,-62.3858,-60.031,,1,6.3,-0.6,,,,15,5,816,,,,2,8329,,,,25,5580,,,,4,21536,,,,29,5245,,,,26,28341,,,,9,6322,,,,,,,,,,,,,,,,,,,,,,,,,,,,,,,,,,,,,,,,,,,
180855,30-Apr-19,9:46:19,2019-04-30 09:46:19,G,6,,57,21,0,5,-62.3738,-59.9643,46:18.8,FastGPS,-62.3738,-59.9643,,,7,-0.2,,,,15,5,23790,,,,16,28435,,,,29,21249,,,,26,21946,,,,21,4585,,,,,,,,,,,,,,,,,,,,,,,,,,,,,,,,,,,,,,,,,,,,,,,,,,,,,
180855,30-Apr-19,10:46:40,2019-04-30 10:46:40,G,10,,58,21,0,8,-62.3764,-59.9046,46:38.8,FastGPS,-62.3764,-59.9046,,,7.5,-1.2,,,,15,15,27569,,,,13,26091,,,,7,25910,,,,29,4650,,,,5,16095,,,,27,24155,,,,20,21862,,,,30,11729,,,,,,,,,,,,,,,,,,,,,,,,,,,,,,,,,,,,,,
180855,30-Apr-19,12:01:43,2019-04-30 12:01:43,G,6,,59,22,0,6,-62.3819,-59.85,01:42.3,FastGPS,-62.3819,-59.85,,,9.1,-0.7,,,,15,30,16049,,,,15,432,,,,13,12467,,,,8,1542,,,,10,19275,,,,27,4412,,,,,,,,,,,,,,,,,,,,,,,,,,,,,,,,,,,,,,,,,,,,,,,,
180855,30-Apr-19,13:04:22,2019-04-30 13:04:22,G,2,,60,22,0,7,-62.381,-59.8003,04:21.8,FastGPS,-62.381,-59.8003,,,12.8,-0.2,,,,15,15,22009,,,,10,31703,,,,24,21082,,,,21,8667,,,,20,28162,,,,28,20517,,,,32,890,,,,,,,,,,,,,,,,,,,,,,,,,,,,,,,,,,,,,,,,,,,
180855,30-Apr-19,14:34:48,2019-04-30 14:34:48,G,10,,61,24,0,8,-62.3818,-59.7636,34:47.3,FastGPS,-62.3818,-59.7636,,,12.1,-0.7,,,,15,32,13071,,,,22,14361,,,,14,6195,,,,10,24420,,,,8,10219,,,,3,27594,,,,18,20165,,,,1,3874,,,,,,,,,,,,,,,,,,,,,,,,,,,,,,,,,,,,,,
180855,30-Apr-19,15:36:09,2019-04-30 15:36:09,G,4,,62,24,0,8,-62.382,-59.7625,36:09.3,FastGPS,-62.382,-59.7625,,,7.4,0.4,,,,15,32,12194,,,,1,23371,,,,22,13244,,,,3,6228,,,,11,10773,,,,18,26028,,,,14,26923,,,,17,13994,,,,,,,,,,,,,,,,,,,,,,,,,,,,,,,,,,,,,,
180855,30-Apr-19,16:51:00,2019-04-30 16:51:00,G,4,,63,,0,9,-62.3771,-59.7599,50:59.8,FastGPS,-62.3771,-59.7599,,,7.4,-0.2,,,,15,31,13307,,,,18,9869,,,,23,644,,,,14,17882,,,,1,28577,,,,32,22381,,,,17,4543,,,,11,3663,,,,22,18211,,,,,,,,,,,,,,,,,,,,,,,,,,,,,,,,,
180855,30-Apr-19,17:51:27,2019-04-30 17:51:27,G,4,,64,25,0,7,-62.3728,-59.7447,51:25.8,FastGPS,-62.3728,-59.7447,,,16.8,-1.2,,,,15,31,24466,,,,19,24137,,,,6,9805,,,,17,13491,,,,14,16962,,,,3,29472,,,,9,9548,,,,,,,,,,,,,,,,,,,,,,,,,,,,,,,,,,,,,,,,,,,
180855,30-Apr-19,19:07:41,2019-04-30 19:07:41,G,2,,65,,0,9,-62.3716,-59.7106,07:40.3,FastGPS,-62.3716,-59.7106,,1,12.4,-0.7,,,,15,4,7268,,,,9,30263,,,,3,20449,,,,22,17271,,,,6,716,,,,23,11673,,,,31,4182,,,,26,10824,,,,16,3599,,,,,,,,,,,,,,,,,,,,,,,,,,,,,,,,,
180855,30-Apr-19,22:31:46,2019-04-30 22:31:46,G,2,,68,,0,9,-62.3402,-59.7147,31:46.3,FastGPS,-62.3402,-59.7147,,1,8.6,0.3,,,,15,8,19571,,,,7,23227,,,,9,21807,,,,27,13589,,,,4,29387,,,,16,4219,,,,30,31097,,,,5,12668,,,,21,18625,,,,,,,,,,,,,,,,,,,,,,,,,,,,,,,,,
180855,1-May-19,0:07:48,2019-05-01 00:07:48,G,6,,69,29,0,8,-62.3284,-59.6819,07:46.8,FastGPS,-62.3284,-59.6819,,1,12.2,-1.2,,,,15,7,1837,,,,8,21346,,,,27,17724,,,,30,25671,,,,15,30487,,,,5,29515,,,,4,11259,,,,28,18270,,,,,,,,,,,,,,,,,,,,,,,,,,,,,,,,,,,,,,
180855,1-May-19,1:09:23,2019-05-01 01:09:23,G,4,,70,,0,9,-62.3226,-59.6655,09:22.3,FastGPS,-62.3226,-59.6655,,,10,-0.7,,,,15,17,11831,,,,30,12758,,,,11,27127,,,,18,23666,,,,8,4806,,,,28,32069,,,,20,12941,,,,15,7861,,,,19,22465,,,,,,,,,,,,,,,,,,,,,,,,,,,,,,,,,
180855,1-May-19,2:41:17,2019-05-01 02:41:17,G,4,,71,31,0,7,-62.308,-59.6444,41:15.8,FastGPS,-62.308,-59.6444,,,4.4,-1.2,,,,15,17,8858,,,,15,23318,,,,19,15641,,,,12,22181,,,,13,12102,,,,24,31792,,,,28,7607,,,,,,,,,,,,,,,,,,,,,,,,,,,,,,,,,,,,,,,,,,,
180855,1-May-19,3:49:40,2019-05-01 03:49:40,G,6,,72,31,0,5,-62.3037,-59.6249,49:38.8,FastGPS,-62.3037,-59.6249,,,5.7,-1.2,,,,15,12,8844,,,,19,21977,,,,17,8995,,,,32,14188,,,,6,5713,,,,,,,,,,,,,,,,,,,,,,,,,,,,,,,,,,,,,,,,,,,,,,,,,,,,,
180855,1-May-19,4:51:29,2019-05-01 04:51:29,G,2,,73,31,0,8,-62.3062,-59.5877,51:27.8,FastGPS,-62.3062,-59.5877,,,6.4,-1.2,,,,15,17,20957,,,,3,7412,,,,14,25815,,,,19,30108,,,,22,20559,,,,32,20665,,,,25,19830,,,,12,25040,,,,,,,,,,,,,,,,,,,,,,,,,,,,,,,,,,,,,,
180855,1-May-19,5:51:38,2019-05-01 05:51:38,G,8,,74,31,0,5,-62.3062,-59.5937,51:37.3,FastGPS,-62.3062,-59.5937,,,3.8,-0.7,,,,15,29,8934,,,,31,4793,,,,32,31818,,,,14,23627,,,,25,28703,,,,,,,,,,,,,,,,,,,,,,,,,,,,,,,,,,,,,,,,,,,,,,,,,,,,,
180855,1-May-19,6:52:33,2019-05-01 06:52:33,G,4,,75,31,0,7,-62.3029,-59.5938,52:31.8,FastGPS,-62.3029,-59.5938,,,4.6,-1.2,,,,15,12,15985,,,,31,12280,,,,29,23732,,,,5,19232,,,,25,8555,,,,23,30814,,,,2,25458,,,,,,,,,,,,,,,,,,,,,,,,,,,,,,,,,,,,,,,,,,,
180855,1-May-19,7:52:00,2019-05-01 07:52:00,G,4,,76,31,0,8,-62.3028,-59.5939,51:59.3,FastGPS,-62.3028,-59.5939,,,9.5,-0.7,,,,15,5,9930,,,,12,21994,,,,2,12960,,,,29,20265,,,,31,18162,,,,25,15195,,,,21,20947,,,,26,13675,,,,,,,,,,,,,,,,,,,,,,,,,,,,,,,,,,,,,,
180855,1-May-19,9:43:38,2019-05-01 09:43:38,G,2,,77,34,0,7,-62.3048,-59.5951,43:37.7,FastGPS,-62.3048,-59.5951,,,6.4,-0.2,,,,15,29,5972,,,,5,8663,,,,13,3100,,,,20,18850,,,,7,32188,,,,21,28299,,,,26,7859,,,,,,,,,,,,,,,,,,,,,,,,,,,,,,,,,,,,,,,,,,,
180855,1-May-19,10:45:10,2019-05-01 10:45:10,G,4,,78,34,0,8,-62.3032,-59.5911,45:09.8,FastGPS,-62.3032,-59.5911,,,7.6,-0.2,,,,15,20,5338,,,,15,10671,,,,13,5362,,,,7,30058,,,,21,13064,,,,29,1876,,,,10,32535,,,,26,1932,,,,,,,,,,,,,,,,,,,,,,,,,,,,,,,,,,,,,,
180855,1-May-19,11:46:52,2019-05-01 11:46:52,G,4,,79,34,0,8,-62.3054,-59.5877,46:51.7,FastGPS,-62.3054,-59.5877,,,9.5,-0.3,,,,15,15,10609,,,,27,1232,,,,8,3233,,,,21,3568,,,,16,10095,,,,20,27972,,,,10,29448,,,,7,6086,,,,,,,,,,,,,,,,,,,,,,,,,,,,,,,,,,,,,,
180855,1-May-19,14:50:37,2019-05-01 14:50:37,G,2,,82,,0,9,-62.3222,-59.5312,50:36.2,FastGPS,-62.3222,-59.5312,,,8.8,-0.8,,,,15,8,31077,,,,14,6442,,,,32,8669,,,,22,28345,,,,3,17742,,,,17,8862,,,,1,29244,,,,10,14582,,,,11,15440,,,,,,,,,,,,,,,,,,,,,,,,,,,,,,,,,
180855,1-May-19,15:50:17,2019-05-01 15:50:17,G,2,,83,,0,9,-62.3302,-59.5223,50:17.2,FastGPS,-62.3302,-59.5223,,,16.3,0.2,,,,15,17,30779,,,,18,1603,,,,14,4405,,,,11,19915,,,,32,21076,,,,3,10100,,,,19,8448,,,,31,32311,,,,22,26947,,,,,,,,,,,,,,,,,,,,,,,,,,,,,,,,,
180855,1-May-19,16:51:03,2019-05-01 16:51:03,G,2,,84,,0,9,-62.3301,-59.5124,51:03.2,FastGPS,-62.3301,-59.5124,,,5.2,0.2,,,,15,31,8946,,,,32,23245,,,,14,22837,,,,18,11580,,,,1,2809,,,,23,5097,,,,12,1342,,,,22,275,,,,11,5603,,,,,,,,,,,,,,,,,,,,,,,,,,,,,,,,,
180855,1-May-19,17:51:17,2019-05-01 17:51:17,G,2,,85,34,0,7,-62.33,-59.5129,51:17.2,FastGPS,-62.33,-59.5129,,,11.9,0.2,,,,15,17,12437,,,,19,31299,,,,31,6021,,,,6,5327,,,,9,9541,,,,12,13632,,,,23,31056,,,,,,,,,,,,,,,,,,,,,,,,,,,,,,,,,,,,,,,,,,,
180855,1-May-19,19:22:23,2019-05-01 19:22:23,G,2,,86,36,0,8,-62.3231,-59.4989,22:22.7,FastGPS,-62.3231,-59.4989,,1,7.3,-0.3,,,,15,26,28218,,,,31,6904,,,,29,25812,,,,2,17557,,,,6,31866,,,,23,11861,,,,4,23980,,,,16,23220,,,,,,,,,,,,,,,,,,,,,,,,,,,,,,,,,,,,,,
180855,1-May-19,20:22:58,2019-05-01 20:22:58,G,2,,87,36,0,6,-62.3144,-59.4961,22:56.7,FastGPS,-62.3144,-59.4961,,,4.7,-1.2,,,,15,29,497,,,,2,26108,,,,5,20295,,,,23,10622,,,,16,27579,,,,26,6919,,,,,,,,,,,,,,,,,,,,,,,,,,,,,,,,,,,,,,,,,,,,,,,,
180855,1-May-19,21:24:02,2019-05-01 21:24:02,G,8,,88,36,0,5,-62.3081,-59.5795,5/1/2019 12:21,NN,-62.3008,-59.5258,,1,0.1,-1.4,,,,15,7,30455,,,,9,30724,,,,4,21837,,,,30,29342,,,,23,12202,,,,,,,,,,,,,,,,,,,,,,,,,,,,,,,,,,,,,,,,,,,,,,,,,,,,,
180855,1-May-19,23:14:11,2019-05-01 23:14:11,G,4,,89,39,0,7,-62.2953,-59.6088,14:09.7,FastGPS,-62.2953,-59.6088,,,6.3,-1.3,,,,15,15,12438,,,,21,11893,,,,27,89,,,,7,24020,,,,13,26869,,,,5,15299,,,,8,16500,,,,,,,,,,,,,,,,,,,,,,,,,,,,,,,,,,,,,,,,,,,
180855,2-May-19,0:33:54,2019-05-02 00:33:54,G,12,,90,40,0,8,-62.2965,-59.5701,33:53.2,FastGPS,-62.2965,-59.5701,,,10.8,-0.8,,,,15,15,31974,,,,30,13591,,,,20,25462,,,,8,15801,,,,11,25161,,,,13,19929,,,,28,30960,,,,7,4643,,,,,,,,,,,,,,,,,,,,,,,,,,,,,,,,,,,,,,
180855,2-May-19,1:49:37,2019-05-02 01:49:37,G,8,,91,,0,9,-62.296,-59.5208,49:36.7,FastGPS,-62.296,-59.5208,,,10.9,-0.3,,,,15,15,11897,,,,17,10935,,,,28,32593,,,,10,10208,,,,11,160,,,,24,4047,,,,30,21246,,,,18,11178,,,,20,18261,,,,,,,,,,,,,,,,,,,,,,,,,,,,,,,,,
180855,2-May-19,2:59:21,2019-05-02 02:59:21,G,6,,92,41,0,7,-62.3184,-59.466,59:20.2,FastGPS,-62.3184,-59.466,,,11.4,-0.8,,,,15,12,25188,,,,15,20571,,,,17,29492,,,,10,18915,,,,19,9464,,,,32,12482,,,,24,16246,,,,,,,,,,,,,,,,,,,,,,,,,,,,,,,,,,,,,,,,,,,
180855,2-May-19,4:17:17,2019-05-02 04:17:17,G,10,,93,41,0,4,-62.3008,-59.5258,24:00.6,FastGPS,-62.3248,-59.4144,,,1,0.2,,,,15,24,4563,,,,19,17743,,,,17,1829,,,,12,23113,,,,,,,,,,,,,,,,,,,,,,,,,,,,,,,,,,,,,,,,,,,,,,,,,,,,,,,,,,
180855,2-May-19,5:32:38,2019-05-02 05:32:38,G,4,,94,41,0,6,-62.325,-59.3605,32:37.7,FastGPS,-62.325,-59.3605,,,2.5,-0.3,,,,15,6,19908,,,,2,1210,,,,12,29630,,,,19,32608,,,,29,31092,,,,25,19300,,,,,,,,,,,,,,,,,,,,,,,,,,,,,,,,,,,,,,,,,,,,,,,,
180855,2-May-19,8:35:06,2019-05-02 08:35:06,G,4,,95,43,0,6,-62.2774,-59.2715,35:05.2,FastGPS,-62.2774,-59.2715,,,7.9,-0.8,,,,15,5,32649,,,,25,23189,,,,21,22358,,,,29,277,,,,31,1949,,,,16,27230,,,,,,,,,,,,,,,,,,,,,,,,,,,,,,,,,,,,,,,,,,,,,,,,
180855,2-May-19,9:35:00,2019-05-02 09:35:00,G,14,,96,43,0,5,-62.2736,-59.2938,35:00.2,FastGPS,-62.2736,-59.2938,,,3.2,0.2,,,,15,29,7864,,,,5,4786,,,,26,25963,,,,21,32500,,,,16,22123,,,,,,,,,,,,,,,,,,,,,,,,,,,,,,,,,,,,,,,,,,,,,,,,,,,,,
180855,2-May-19,10:53:37,2019-05-02 10:53:37,G,14,,97,44,0,7,-62.2685,-59.3423,53:37.2,FastGPS,-62.2685,-59.3423,,,11.6,0.2,,,,15,10,16032,,,,20,32053,,,,26,9358,,,,27,3631,,,,7,7019,,,,15,32674,,,,21,21207,,,,,,,,,,,,,,,,,,,,,,,,,,,,,,,,,,,,,,,,,,,
180855,2-May-19,12:22:35,2019-05-02 12:22:35,G,14,,98,45,0,4,-62.3008,-59.5258,24:00.6,FastGPS,-62.2377,-59.3273,,,0.6,-0.8,,,,15,10,9024,,,,8,9705,,,,15,31685,,,,21,15810,,,,,,,,,,,,,,,,,,,,,,,,,,,,,,,,,,,,,,,,,,,,,,,,,,,,,,,,,,
180855,2-May-19,13:38:34,2019-05-02 13:38:34,G,10,,99,,0,9,-62.228,-59.2969,38:33.7,FastGPS,-62.228,-59.2969,,,10,-0.3,,,,15,11,18146,,,,18,11957,,,,28,25557,,,,1,3444,,,,10,19478,,,,20,26569,,,,24,782,,,,8,20888,,,,32,25593,,,,,,,,,,,,,,,,,,,,,,,,,,,,,,,,,
180855,2-May-19,16:02:33,2019-05-02 16:02:33,G,8,,100,,0,9,-62.2676,-59.2367,02:33.2,FastGPS,-62.2676,-59.2367,,,9.3,0.2,,,,15,32,30710,,,,31,17567,,,,18,12715,,,,12,19170,,,,17,5118,,,,14,8948,,,,1,22185,,,,19,10042,,,,22,3044,,,,,,,,,,,,,,,,,,,,,,,,,,,,,,,,,
180855,2-May-19,17:28:02,2019-05-02 17:28:02,G,8,,101,46,0,8,-62.27,-59.2256,28:01.2,FastGPS,-62.27,-59.2256,,,14.8,-0.8,,,,15,31,27688,,,,14,23442,,,,12,3035,,,,25,13479,,,,22,28773,,,,32,900,,,,6,17180,,,,23,15018,,,,,,,,,,,,,,,,,,,,,,,,,,,,,,,,,,,,,,
180855,2-May-19,22:17:02,2019-05-02 22:17:02,G,2,,102,47,0,8,-62.2409,-59.1649,17:02.2,FastGPS,-62.2409,-59.1649,,2,4.1,0.2,,,,15,5,20131,,,,9,26469,,,,7,12544,,,,4,27316,,,,8,7567,,,,30,29946,,,,13,26838,,,,27,13550,,,,,,,,,,,,,,,,,,,,,,,,,,,,,,,,,,,,,,
180855,3-May-19,4:32:36,2019-05-03 04:32:36,G,2,,103,51,0,4,-62.2039,-59.0271,08:40.7,FastGPS,-62.1935,-59.0425,,,0.1,-1.4,,,,15,32,25645,,,,25,13837,,,,14,12758,,,,12,14076,,,,,,,,,,,,,,,,,,,,,,,,,,,,,,,,,,,,,,,,,,,,,,,,,,,,,,,,,,
180855,3-May-19,6:08:41,2019-05-03 06:08:41,G,4,,104,52,0,7,-62.2039,-59.0271,08:40.7,FastGPS,-62.2039,-59.0271,,,10.9,-0.3,,,,15,29,13576,,,,6,8843,,,,12,21395,,,,2,2403,,,,25,3891,,,,31,30697,,,,19,11673,,,,,,,,,,,,,,,,,,,,,,,,,,,,,,,,,,,,,,,,,,,
180855,3-May-19,8:15:14,2019-05-03 08:15:14,G,10,,105,52,0,6,-62.1931,-59.0408,15:12.7,FastGPS,-62.1931,-59.0408,,,6.4,-1.3,,,,15,5,29143,,,,25,31124,,,,29,30227,,,,2,308,,,,31,29040,,,,21,15746,,,,,,,,,,,,,,,,,,,,,,,,,,,,,,,,,,,,,,,,,,,,,,,,
180855,3-May-19,9:16:05,2019-05-03 09:16:05,G,6,,106,52,0,7,-62.1933,-59.0454,16:03.6,FastGPS,-62.1933,-59.0454,,,12.6,-1.4,,,,15,29,20871,,,,5,31274,,,,26,20158,,,,16,4068,,,,21,13883,,,,20,3136,,,,31,10666,,,,,,,,,,,,,,,,,,,,,,,,,,,,,,,,,,,,,,,,,,,
180855,3-May-19,10:31:01,2019-05-03 10:31:01,G,4,,107,53,0,5,-62.1919,-59.0442,30:59.6,FastGPS,-62.192,-59.0442,,,10.8,-1.4,,,,15,20,1189,,,,27,28894,,,,26,2668,,,,16,25574,,,,10,18555,,,,,,,,,,,,,,,,,,,,,,,,,,,,,,,,,,,,,,,,,,,,,,,,,,,,,
180855,3-May-19,14:38:14,2019-05-03 14:38:14,G,4,,108,57,0,8,-62.2235,-59.0284,38:13.2,FastGPS,-62.2235,-59.0284,,,23,-0.8,,,,15,32,23605,,,,14,12914,,,,10,17754,,,,22,26295,,,,24,22558,,,,1,217,,,,18,16107,,,,3,12963,,,,,,,,,,,,,,,,,,,,,,,,,,,,,,,,,,,,,,
180855,3-May-19,15:57:31,2019-05-03 15:57:31,G,6,,109,,0,9,-62.2362,-58.9774,57:30.1,FastGPS,-62.2362,-58.9774,,,9,-0.9,,,,15,17,12949,,,,11,11463,,,,3,16448,,,,1,32558,,,,32,11422,,,,31,25614,,,,18,25801,,,,22,11474,,,,19,16532,,,,,,,,,,,,,,,,,,,,,,,,,,,,,,,,,
180855,3-May-19,16:57:00,2019-05-03 16:57:00,G,2,,110,,0,9,-62.2392,-58.9509,56:59.6,FastGPS,-62.2392,-58.9509,,,6.5,-0.4,,,,15,31,29068,,,,32,19789,,,,12,23114,,,,14,30773,,,,19,14447,,,,22,9078,,,,25,7974,,,,1,17672,,,,18,10181,,,,,,,,,,,,,,,,,,,,,,,,,,,,,,,,,
180855,3-May-19,18:10:47,2019-05-03 18:10:47,G,2,,111,57,0,8,-62.2569,-58.9314,10:46.1,FastGPS,-62.2569,-58.9314,,,20.7,-0.9,,,,15,9,15994,,,,31,23040,,,,6,1776,,,,19,11354,,,,23,22512,,,,25,24595,,,,17,6503,,,,3,15178,,,,,,,,,,,,,,,,,,,,,,,,,,,,,,,,,,,,,,
180855,3-May-19,21:10:02,2019-05-03 21:10:02,G,4,,112,59,0,8,-62.2529,-58.9212,10:00.6,FastGPS,-62.2529,-58.9212,,1,8.2,-1.4,,,,15,7,27790,,,,9,15356,,,,5,15415,,,,16,28296,,,,4,28914,,,,30,10280,,,,26,19236,,,,2,14390,,,,,,,,,,,,,,,,,,,,,,,,,,,,,,,,,,,,,,
180855,3-May-19,22:25:29,2019-05-03 22:25:29,G,6,,113,59,0,7,-62.2563,-58.9118,25:29.1,FastGPS,-62.2563,-58.9118,,,14.9,0.1,,,,15,5,9683,,,,13,6177,,,,7,14659,,,,27,26912,,,,21,29347,,,,8,13806,,,,9,3963,,,,,,,,,,,,,,,,,,,,,,,,,,,,,,,,,,,,,,,,,,,
180855,4-May-19,2:46:46,2019-05-04 02:46:46,G,8,,114,,0,9,-62.2395,-58.789,46:45.6,FastGPS,-62.2395,-58.789,,,12.6,-0.4,,,,15,24,14353,,,,15,9752,,,,17,5975,,,,12,11419,,,,10,776,,,,1,5699,,,,19,10129,,,,18,25012,,,,32,32351,,,,,,,,,,,,,,,,,,,,,,,,,,,,,,,,,
180855,4-May-19,5:49:08,2019-05-04 05:49:08,G,4,,115,62,0,8,-62.2258,-58.8041,49:07.1,FastGPS,-62.2258,-58.8041,,,3.5,-0.9,,,,15,29,10753,,,,31,3778,,,,32,24736,,,,25,8660,,,,14,26487,,,,12,10028,,,,6,1381,,,,3,23306,,,,,,,,,,,,,,,,,,,,,,,,,,,,,,,,,,,,,,
180855,4-May-19,8:18:27,2019-05-04 08:18:27,G,4,,116,,0,9,-62.2397,-58.7985,18:27.1,FastGPS,-62.2397,-58.7985,,1,14.6,0.1,,,,15,26,9482,,,,31,8314,,,,5,8825,,,,21,23264,,,,29,26131,,,,16,32719,,,,25,6309,,,,4,27300,,,,2,3953,,,,,,,,,,,,,,,,,,,,,,,,,,,,,,,,,
180855,4-May-19,13:56:40,2019-05-04 13:56:40,G,10,,117,64,0,8,-62.221,-58.7821,56:39.0,FastGPS,-62.221,-58.7821,,,13.5,-0.9,,,,15,32,21847,,,,11,17993,,,,18,8775,,,,10,24900,,,,28,9894,,,,8,3231,,,,27,14438,,,,22,388,,,,,,,,,,,,,,,,,,,,,,,,,,,,,,,,,,,,,,
180855,4-May-19,15:16:48,2019-05-04 15:16:48,G,10,,118,64,0,6,-62.2125,-58.7463,16:47.0,FastGPS,-62.2125,-58.7463,,,11.3,-1,,,,15,32,8919,,,,14,18041,,,,18,20882,,,,1,8040,,,,22,24204,,,,11,3348,,,,,,,,,,,,,,,,,,,,,,,,,,,,,,,,,,,,,,,,,,,,,,,,
180855,4-May-19,16:22:51,2019-05-04 16:22:51,G,2,,119,,0,9,-62.2083,-58.733,22:49.5,FastGPS,-62.2083,-58.733,,,11.2,-1.4,,,,15,31,2004,,,,32,20086,,,,1,3721,,,,3,27752,,,,22,4229,,,,11,27972,,,,17,25517,,,,14,4723,,,,19,24761,,,,,,,,,,,,,,,,,,,,,,,,,,,,,,,,,
180855,4-May-19,17:23:00,2019-05-04 17:23:00,G,12,,120,64,0,6,-62.2074,-58.7275,22:58.6,FastGPS,-62.2074,-58.7275,,,4,-1.4,,,,15,22,14174,,,,31,21503,,,,23,17498,,,,1,2863,,,,3,31211,,,,17,13559,,,,,,,,,,,,,,,,,,,,,,,,,,,,,,,,,,,,,,,,,,,,,,,,
180855,4-May-19,18:23:00,2019-05-04 18:23:00,G,10,,121,64,0,7,-62.2044,-58.7221,22:58.5,FastGPS,-62.2044,-58.7221,,1,8.2,-1.4,,,,15,6,12757,,,,9,29657,,,,3,22881,,,,22,25579,,,,4,12452,,,,23,31092,,,,19,5219,,,,,,,,,,,,,,,,,,,,,,,,,,,,,,,,,,,,,,,,,,,
180855,5-May-19,2:37:31,2019-05-05 02:37:31,G,12,,122,64,0,6,-62.2033,-58.723,37:29.5,FastGPS,-62.2033,-58.723,,,8.7,-1.5,,,,15,17,18037,,,,24,18162,,,,28,17870,,,,12,3130,,,,15,8708,,,,19,12979,,,,,,,,,,,,,,,,,,,,,,,,,,,,,,,,,,,,,,,,,,,,,,,,
180855,5-May-19,3:37:00,2019-05-05 03:37:00,G,10,,123,64,0,8,-62.2027,-58.7213,36:58.5,FastGPS,-62.2027,-58.7213,,,15,-1.5,,,,15,12,6523,,,,17,24990,,,,24,3421,,,,32,9281,,,,19,12050,,,,14,18469,,,,6,15742,,,,25,16351,,,,,,,,,,,,,,,,,,,,,,,,,,,,,,,,,,,,,,
180855,5-May-19,4:37:00,2019-05-05 04:37:00,G,2,,124,64,0,8,-62.2025,-58.7203,36:58.5,FastGPS,-62.2025,-58.7203,,,8.9,-1.5,,,,15,25,10197,,,,32,3435,,,,12,14361,,,,14,11670,,,,6,18533,,,,24,24297,,,,2,21103,,,,19,15479,,,,,,,,,,,,,,,,,,,,,,,,,,,,,,,,,,,,,,
180855,5-May-19,7:37:00,2019-05-05 07:37:00,G,4,,127,64,0,6,-62.2025,-58.723,36:58.5,FastGPS,-62.2025,-58.723,,,4.2,-1.5,,,,15,5,12363,,,,2,5740,,,,25,8124,,,,29,15205,,,,12,14040,,,,23,18552,,,,,,,,,,,,,,,,,,,,,,,,,,,,,,,,,,,,,,,,,,,,,,,,
180855,5-May-19,8:37:00,2019-05-05 08:37:00,G,2,,128,64,0,6,-62.2043,-58.7256,36:58.5,FastGPS,-62.2043,-58.7256,,,10.6,-1.5,,,,15,29,26435,,,,21,7454,,,,26,4166,,,,5,20779,,,,31,29471,,,,16,6642,,,,,,,,,,,,,,,,,,,,,,,,,,,,,,,,,,,,,,,,,,,,,,,,
180855,5-May-19,9:37:00,2019-05-05 09:37:00,G,4,,129,64,0,7,-62.2066,-58.7286,36:58.5,FastGPS,-62.2066,-58.7286,,,9.8,-1.5,,,,15,29,21953,,,,21,30996,,,,26,11008,,,,16,19670,,,,5,30632,,,,20,14564,,,,27,5283,,,,,,,,,,,,,,,,,,,,,,,,,,,,,,,,,,,,,,,,,,,
180855,5-May-19,10:37:00,2019-05-05 10:37:00,G,6,,130,,0,9,-62.2076,-58.7321,36:58.5,FastGPS,-62.2076,-58.7321,,,12.7,-1.5,,,,15,20,30230,,,,27,29114,,,,15,2138,,,,26,997,,,,21,5143,,,,16,31591,,,,10,5508,,,,13,17658,,,,7,18481,,,,,,,,,,,,,,,,,,,,,,,,,,,,,,,,,
180855,5-May-19,12:37:00,2019-05-05 12:37:00,G,2,,132,64,0,6,-62.2115,-58.7426,36:58.4,FastGPS,-62.2115,-58.7426,,,11.2,-1.6,,,,15,20,31479,,,,11,30151,,,,10,16115,,,,18,30393,,,,8,6174,,,,27,16420,,,,,,,,,,,,,,,,,,,,,,,,,,,,,,,,,,,,,,,,,,,,,,,,
180855,5-May-19,15:43:05,2019-05-05 15:43:05,G,2,,135,64,0,8,-62.2121,-58.7466,43:03.4,FastGPS,-62.2121,-58.7466,,,8.7,-1.5,,,,15,17,562,,,,22,31428,,,,18,6181,,,,14,25166,,,,1,31320,,,,3,25872,,,,32,25340,,,,31,32426,,,,,,,,,,,,,,,,,,,,,,,,,,,,,,,,,,,,,,
180855,5-May-19,16:43:00,2019-05-05 16:43:00,G,2,,136,,0,9,-62.2123,-58.7468,42:58.5,FastGPS,-62.2123,-58.7468,,,5.9,-1.5,,,,15,31,2564,,,,17,1847,,,,23,16567,,,,3,5858,,,,1,18196,,,,12,6903,,,,22,32044,,,,19,26787,,,,18,18210,,,,,,,,,,,,,,,,,,,,,,,,,,,,,,,,,
180855,5-May-19,17:43:00,2019-05-05 17:43:00,G,2,,137,64,0,8,-62.2124,-58.7472,42:58.5,FastGPS,-62.2124,-58.7472,,,8.4,-1.5,,,,15,31,6910,,,,23,27522,,,,3,5492,,,,22,5408,,,,1,24225,,,,6,1449,,,,19,15617,,,,25,671,,,,,,,,,,,,,,,,,,,,,,,,,,,,,,,,,,,,,,
180855,5-May-19,18:43:00,2019-05-05 18:43:00,G,4,,138,64,0,7,-62.213,-58.7481,42:58.4,FastGPS,-62.213,-58.7481,,1,11.8,-1.5,,,,15,4,27650,,,,6,7871,,,,9,24947,,,,3,20300,,,,23,23434,,,,2,23372,,,,31,31634,,,,,,,,,,,,,,,,,,,,,,,,,,,,,,,,,,,,,,,,,,,
180855,5-May-19,20:02:47,2019-05-05 20:02:47,G,4,,139,65,0,4,-62.2149,-58.7469,5/5/2019 19:50,SR,-62.213,-58.7464,,,0.4,-1.5,,,,15,7,7938,,,,26,5633,,,,23,17064,,,,16,17171,,,,,,,,,,,,,,,,,,,,,,,,,,,,,,,,,,,,,,,,,,,,,,,,,,,,,,,,,,
180855,5-May-19,21:45:15,2019-05-05 21:45:15,G,4,,140,65,0,4,-62.213,-58.7464,02:45.5,FastGPS,-62.2135,-58.7446,,,0.4,-1.4,,,,15,9,31497,,,,5,5885,,,,7,4942,,,,30,20410,,,,,,,,,,,,,,,,,,,,,,,,,,,,,,,,,,,,,,,,,,,,,,,,,,,,,,,,,,
180855,5-May-19,22:45:00,2019-05-05 22:45:00,G,2,,141,,1,9,-62.2133,-58.7464,44:58.5,FastGPS,-62.2133,-58.7464,,1,11.8,-1.5,,,,15,7,24855,,,,8,13901,,,,5,26780,,,,13,32299,,,,28,20241,,,,30,11449,,,,9,3144,,,,27,27514,,,,4,4384,,,,,,,,,,,,,,,,,,,,,,,,,,,,,,,,,
180855,6-May-19,0:13:59,2019-05-06 00:13:59,G,2,,142,65,0,4,-62.2135,-58.7446,45:13.6,FastGPS,-62.2138,-58.7464,,,0.9,-1.1,,,,15,30,31073,,,,15,22963,,,,13,22298,,,,28,30134,,,,,,,,,,,,,,,,,,,,,,,,,,,,,,,,,,,,,,,,,,,,,,,,,,,,,,,,,,
180855,6-May-19,2:28:00,2019-05-06 02:28:00,G,2,,144,65,0,8,-62.2141,-58.7485,27:59.4,FastGPS,-62.2141,-58.7485,,,12.4,-0.6,,,,15,15,19509,,,,12,5449,,,,17,7110,,,,19,25463,,,,10,30514,,,,13,802,,,,24,32496,,,,28,2015,,,,,,,,,,,,,,,,,,,,,,,,,,,,,,,,,,,,,,
180855,6-May-19,3:37:54,2019-05-06 03:37:54,G,2,,145,65,0,6,-62.2151,-58.7599,37:53.5,FastGPS,-62.2151,-58.7599,,,18.2,-0.5,,,,15,17,6760,,,,24,27809,,,,12,17238,,,,19,4486,,,,32,16308,,,,6,31729,,,,,,,,,,,,,,,,,,,,,,,,,,,,,,,,,,,,,,,,,,,,,,,,
180855,6-May-19,10:09:58,2019-05-06 10:09:58,G,8,,146,68,0,7,-62.2584,-58.9114,09:57.4,FastGPS,-62.2584,-58.9114,,,8.1,-0.6,,,,15,26,21662,,,,20,28017,,,,16,18933,,,,27,21154,,,,29,17520,,,,10,32716,,,,7,4420,,,,,,,,,,,,,,,,,,,,,,,,,,,,,,,,,,,,,,,,,,,
180855,6-May-19,11:12:07,2019-05-06 11:12:07,G,4,,147,,0,9,-62.2538,-58.92,12:06.9,FastGPS,-62.2538,-58.92,,,5.7,-0.1,,,,15,7,22143,,,,15,14513,,,,8,16904,,,,21,31321,,,,30,16404,,,,27,17255,,,,16,29383,,,,20,25652,,,,13,2384,,,,,,,,,,,,,,,,,,,,,,,,,,,,,,,,,
180855,6-May-19,12:12:01,2019-05-06 12:12:01,G,6,,148,,0,9,-62.2567,-58.9152,11:59.9,FastGPS,-62.2567,-58.9152,,,9.3,-1.1,,,,15,15,25708,,,,8,22944,,,,27,29997,,,,18,3477,,,,10,19286,,,,21,26775,,,,20,23959,,,,13,10014,,,,30,32056,,,,,,,,,,,,,,,,,,,,,,,,,,,,,,,,,
180855,6-May-19,13:12:00,2019-05-06 13:12:00,G,2,,149,,1,9,-62.26,-58.9156,11:58.4,FastGPS,-62.26,-58.9156,,,4.9,-1.6,,,,15,18,26149,,,,27,5590,,,,11,31077,,,,32,31049,,,,15,26623,,,,8,10103,,,,14,6397,,,,1,2932,,,,10,17516,,,,,,,,,,,,,,,,,,,,,,,,,,,,,,,,,
180855,7-May-19,21:41:21,2019-05-07 21:41:21,G,2,,153,70,0,8,-62.2551,-58.755,41:20.3,FastGPS,-62.2551,-58.755,,1,12,-0.6,,,,15,7,18435,,,,9,1345,,,,30,15396,,,,5,27452,,,,4,18303,,,,27,32001,,,,16,5692,,,,8,31306,,,,,,,,,,,,,,,,,,,,,,,,,,,,,,,,,,,,,,
180855,8-May-19,7:12:35,2019-05-08 07:12:35,G,4,-1,154,74,0,5,-62.2746,-58.6994,12:34.3,FastGPS,-62.2746,-58.6994,,,6.8,0.3,,,,15,31,14596,,,,26,18165,,,,23,22340,,,,2,9530,,,,25,31563,,,,,,,,,,,,,,,,,,,,,,,,,,,,,,,,,,,,,,,,,,,,,,,,,,,,,
180855,8-May-19,8:14:23,2019-05-08 08:14:23,G,2,-1,155,74,0,7,-62.2737,-58.6704,14:22.4,FastGPS,-62.2737,-58.6704,,1,8,0.4,,,,15,5,18919,,,,2,14229,,,,29,11391,,,,4,9071,,,,25,24177,,,,9,27658,,,,16,26762,,,,,,,,,,,,,,,,,,,,,,,,,,,,,,,,,,,,,,,,,,,
180855,8-May-19,9:46:00,2019-05-08 09:46:00,G,8,-1,156,75,0,6,-62.2709,-58.6635,45:59.3,FastGPS,-62.2709,-58.6635,,,4.4,0.3,,,,15,7,3133,,,,16,18937,,,,27,31331,,,,21,28752,,,,5,24297,,,,15,1404,,,,,,,,,,,,,,,,,,,,,,,,,,,,,,,,,,,,,,,,,,,,,,,,
180855,8-May-19,10:56:09,2019-05-08 10:56:09,G,2,-1,157,75,0,7,-62.27,-58.6621,56:07.8,FastGPS,-62.27,-58.6621,,,6.1,-0.2,,,,15,15,17450,,,,27,9659,,,,10,1340,,,,21,31958,,,,16,26833,,,,20,24776,,,,26,21250,,,,,,,,,,,,,,,,,,,,,,,,,,,,,,,,,,,,,,,,,,,
180855,8-May-19,12:58:43,2019-05-08 12:58:43,G,2,-1,158,76,0,8,-62.2684,-58.6449,58:41.8,FastGPS,-62.2684,-58.6449,,,5.4,-0.2,,,,15,32,12151,,,,20,30927,,,,27,23606,,,,10,26754,,,,18,10922,,,,11,15210,,,,8,14146,,,,24,17449,,,,,,,,,,,,,,,,,,,,,,,,,,,,,,,,,,,,,,
180855,8-May-19,15:27:24,2019-05-08 15:27:24,G,2,-1,159,79,0,6,-62.2696,-58.6147,27:22.3,FastGPS,-62.2696,-58.6147,,,11.8,-0.7,,,,15,31,22167,,,,11,597,,,,3,16134,,,,18,16764,,,,22,27410,,,,1,1270,,,,,,,,,,,,,,,,,,,,,,,,,,,,,,,,,,,,,,,,,,,,,,,,
180855,8-May-19,22:56:10,2019-05-08 22:56:10,G,4,-1,161,82,0,6,-62.2781,-58.6416,56:09.3,FastGPS,-62.2781,-58.6416,,1,3.3,0.3,,,,15,5,32340,,,,28,32493,,,,15,4880,,,,13,6134,,,,4,3221,,,,21,14171,,,,,,,,,,,,,,,,,,,,,,,,,,,,,,,,,,,,,,,,,,,,,,,,
180855,9-May-19,0:03:45,2019-05-09 00:03:45,G,6,-1,162,82,0,8,-62.2832,-58.6392,03:44.3,FastGPS,-62.2832,-58.6392,,,11.7,0.3,,,,15,15,4482,,,,30,317,,,,7,31607,,,,20,246,,,,8,3200,,,,11,6897,,,,28,9469,,,,5,24902,,,,,,,,,,,,,,,,,,,,,,,,,,,,,,,,,,,,,,
180855,9-May-19,3:49:41,2019-05-09 03:49:41,G,8,-1,163,84,0,6,-62.282,-58.5835,49:40.8,FastGPS,-62.282,-58.5835,,,4.3,0.8,,,,15,19,2138,,,,3,5964,,,,17,20023,,,,22,4568,,,,12,7579,,,,24,19579,,,,,,,,,,,,,,,,,,,,,,,,,,,,,,,,,,,,,,,,,,,,,,,,
180855,9-May-19,7:20:34,2019-05-09 07:20:34,G,4,-1,164,87,0,7,-62.2662,-58.5159,20:33.3,FastGPS,-62.2662,-58.5159,,1,1.8,0.3,,,,15,31,7468,,,,26,13318,,,,29,16874,,,,23,20634,,,,21,18926,,,,2,9744,,,,4,20278,,,,,,,,,,,,,,,,,,,,,,,,,,,,,,,,,,,,,,,,,,,
180855,9-May-19,8:56:51,2019-05-09 08:56:51,G,4,-1,165,87,0,4,-62.2781,-58.6416,56:09.3,FastGPS,,,,,,,,,,15,5,1945,,,,16,32407,,,,29,18845,,,,4,8399,,,,,,,,,,,,,,,,,,,,,,,,,,,,,,,,,,,,,,,,,,,,,,,,,,,,,,,,,,
180855,9-May-19,13:31:01,2019-05-09 13:31:01,G,4,-1,166,90,0,7,-62.2441,-58.4393,31:00.3,FastGPS,-62.2441,-58.4393,,,3.6,0.3,,,,15,32,4328,,,,20,14185,,,,28,5306,,,,24,229,,,,10,3905,,,,14,15800,,,,1,19231,,,,,,,,,,,,,,,,,,,,,,,,,,,,,,,,,,,,,,,,,,,
180855,9-May-19,14:50:10,2019-05-09 14:50:10,G,12,-1,167,91,0,5,-62.2433,-58.4308,50:08.9,FastGPS,-62.2433,-58.4308,,,8.7,-0.1,,,,15,17,9178,,,,10,23532,,,,32,23592,,,,24,14152,,,,14,20409,,,,,,,,,,,,,,,,,,,,,,,,,,,,,,,,,,,,,,,,,,,,,,,,,,,,,
180855,9-May-19,15:54:24,2019-05-09 15:54:24,G,4,-1,168,,0,9,-62.2419,-58.4261,54:22.7,FastGPS,-62.2419,-58.4261,,,13,-0.2,,,,15,17,4831,,,,19,19926,,,,32,26634,,,,3,19145,,,,1,27013,,,,12,21069,,,,22,12308,,,,25,31028,,,,31,22420,,,,,,,,,,,,,,,,,,,,,,,,,,,,,,,,,
180855,9-May-19,17:23:25,2019-05-09 17:23:25,G,12,-1,169,91,0,5,-62.2322,-58.3974,23:23.8,FastGPS,-62.2322,-58.3974,,,11.9,-0.2,,,,15,1,31982,,,,23,11801,,,,14,29923,,,,22,11790,,,,25,29757,,,,,,,,,,,,,,,,,,,,,,,,,,,,,,,,,,,,,,,,,,,,,,,,,,,,,
180855,9-May-19,18:28:38,2019-05-09 18:28:38,G,6,-1,170,91,0,7,-62.2242,-58.3738,28:36.2,FastGPS,-62.2242,-58.3738,,,13.3,-0.8,,,,15,31,24862,,,,2,27492,,,,3,15499,,,,26,23941,,,,22,17619,,,,6,6565,,,,29,4698,,,,,,,,,,,,,,,,,,,,,,,,,,,,,,,,,,,,,,,,,,,
180855,9-May-19,19:45:02,2019-05-09 19:45:02,G,8,-1,171,,0,9,-62.2172,-58.3627,45:01.2,FastGPS,-62.2172,-58.3627,,1,11.7,0.3,,,,15,23,14426,,,,7,26304,,,,6,10558,,,,16,9587,,,,2,13323,,,,9,27545,,,,5,9962,,,,4,3694,,,,30,30557,,,,,,,,,,,,,,,,,,,,,,,,,,,,,,,,,
180855,9-May-19,20:45:12,2019-05-09 20:45:12,G,10,-1,172,92,0,6,-62.2073,-58.3778,45:11.2,FastGPS,-62.2073,-58.3778,,,8,0.2,,,,15,5,6500,,,,16,23525,,,,23,7691,,,,27,19851,,,,7,21292,,,,30,3942,,,,,,,,,,,,,,,,,,,,,,,,,,,,,,,,,,,,,,,,,,,,,,,,
180855,9-May-19,21:47:11,2019-05-09 21:47:11,G,4,-1,173,92,0,6,-62.2041,-58.3743,47:10.2,FastGPS,-62.2041,-58.3743,,1,6.8,0.2,,,,15,9,10648,,,,5,25956,,,,4,11062,,,,30,4155,,,,7,26590,,,,8,15388,,,,,,,,,,,,,,,,,,,,,,,,,,,,,,,,,,,,,,,,,,,,,,,,
180855,10-May-19,0:11:16,2019-05-10 00:11:16,G,10,-1,174,93,0,6,-62.1995,-58.3736,11:14.2,FastGPS,-62.1995,-58.3736,,,4.2,-0.8,,,,15,17,24984,,,,13,20367,,,,30,19677,,,,11,24300,,,,8,32279,,,,28,16976,,,,,,,,,,,,,,,,,,,,,,,,,,,,,,,,,,,,,,,,,,,,,,,,
180855,10-May-19,4:43:58,2019-05-10 04:43:58,G,4,-1,175,,0,9,-62.1939,-58.345,43:57.2,FastGPS,-62.1939,-58.345,,,6.8,0.3,,,,15,29,20329,,,,32,4665,,,,14,23757,,,,6,27688,,,,19,1748,,,,31,28499,,,,2,18431,,,,12,6471,,,,25,9080,,,,,,,,,,,,,,,,,,,,,,,,,,,,,,,,,
180855,10-May-19,8:40:56,2019-05-10 08:40:56,G,2,-1,177,99,0,7,-62.2064,-58.3104,40:54.2,FastGPS,-62.2064,-58.3104,,1,6,-0.8,,,,15,5,16229,,,,4,17607,,,,16,18497,,,,9,20126,,,,7,28186,,,,26,18930,,,,29,16420,,,,,,,,,,,,,,,,,,,,,,,,,,,,,,,,,,,,,,,,,,,
180855,10-May-19,10:37:19,2019-05-10 10:37:19,G,2,-1,178,,0,9,-62.2206,-58.2684,37:18.2,FastGPS,-62.2206,-58.2684,,,15.2,0.2,,,,15,27,1873,,,,13,8601,,,,16,5578,,,,7,28226,,,,30,7200,,,,21,14194,,,,8,28923,,,,15,24149,,,,10,10450,,,,,,,,,,,,,,,,,,,,,,,,,,,,,,,,,
180855,10-May-19,15:25:48,2019-05-10 15:25:48,G,2,-1,179,,0,9,-62.2225,-58.1674,25:46.2,FastGPS,-62.2225,-58.1674,,,8.6,-0.8,,,,15,3,5132,,,,11,21401,,,,18,5421,,,,17,8726,,,,32,24681,,,,19,9245,,,,31,21670,,,,14,30645,,,,22,7738,,,,,,,,,,,,,,,,,,,,,,,,,,,,,,,,,
180855,10-May-19,17:31:17,2019-05-10 17:31:17,G,4,-1,180,108,0,8,-62.2178,-58.1275,31:15.7,FastGPS,-62.2178,-58.1275,,,3.4,-0.3,,,,15,9,23966,,,,23,23523,,,,17,12275,,,,6,31266,,,,19,29329,,,,22,17477,,,,3,31861,,,,31,3304,,,,,,,,,,,,,,,,,,,,,,,,,,,,,,,,,,,,,,
180855,10-May-19,18:44:53,2019-05-10 18:44:53,G,2,-1,181,108,0,7,-62.2171,-58.0942,44:51.2,FastGPS,-62.2171,-58.0942,,,9.8,-0.8,,,,15,29,4690,,,,26,16005,,,,31,26242,,,,3,17281,,,,7,22716,,,,23,28184,,,,2,24066,,,,,,,,,,,,,,,,,,,,,,,,,,,,,,,,,,,,,,,,,,,
180855,10-May-19,20:00:16,2019-05-10 20:00:16,G,2,-1,182,108,0,6,-62.2054,-58.0592,00:14.7,FastGPS,-62.2054,-58.0592,,,13.1,-0.3,,,,15,7,14620,,,,26,22212,,,,16,21313,,,,9,14277,,,,30,10792,,,,23,894,,,,,,,,,,,,,,,,,,,,,,,,,,,,,,,,,,,,,,,,,,,,,,,,
180855,10-May-19,23:25:23,2019-05-10 23:25:23,G,8,-1,183,110,0,7,-62.1852,-57.9807,25:22.2,FastGPS,-62.1852,-57.9807,,,11.4,0.2,,,,15,15,7817,,,,7,10116,,,,8,19325,,,,20,21057,,,,13,9032,,,,27,13021,,,,30,22873,,,,,,,,,,,,,,,,,,,,,,,,,,,,,,,,,,,,,,,,,,,
180855,11-May-19,0:33:44,2019-05-11 00:33:44,G,4,-1,184,110,0,5,-62.184,-57.9419,33:43.7,FastGPS,-62.184,-57.9419,,,14.7,0.7,,,,15,15,8688,,,,28,2551,,,,30,31082,,,,24,32591,,,,17,10009,,,,,,,,,,,,,,,,,,,,,,,,,,,,,,,,,,,,,,,,,,,,,,,,,,,,,
180855,11-May-19,1:43:46,2019-05-11 01:43:46,G,10,-1,185,,0,9,-62.1815,-57.9023,43:45.2,FastGPS,-62.1815,-57.9023,,,6.9,0.2,,,,15,15,26588,,,,24,8282,,,,10,5219,,,,13,16215,,,,19,31005,,,,12,1971,,,,18,5970,,,,11,31138,,,,17,14343,,,,,,,,,,,,,,,,,,,,,,,,,,,,,,,,,
180855,11-May-19,6:07:03,2019-05-11 06:07:03,G,8,-1,186,115,0,4,-62.2178,-58.1275,31:15.7,FastGPS,-62.1773,-57.7197,,,0.5,-0.3,,,,15,31,28028,,,,29,1467,,,,23,19606,,,,6,7048,,,,,,,,,,,,,,,,,,,,,,,,,,,,,,,,,,,,,,,,,,,,,,,,,,,,,,,,,,
180855,11-May-19,7:38:29,2019-05-11 07:38:29,G,10,-1,187,115,0,8,-62.1814,-57.6441,38:27.7,FastGPS,-62.1814,-57.6441,,1,11.4,-0.3,,,,15,26,6449,,,,31,7005,,,,4,14179,,,,9,575,,,,25,23077,,,,23,31384,,,,16,12885,,,,29,9499,,,,,,,,,,,,,,,,,,,,,,,,,,,,,,,,,,,,,,
180855,11-May-19,8:45:36,2019-05-11 08:45:36,G,4,-1,188,115,0,7,-62.1831,-57.5957,45:34.7,FastGPS,-62.1831,-57.5957,,1,8.6,-0.3,,,,15,7,20889,,,,26,16385,,,,5,32197,,,,16,7955,,,,21,16614,,,,4,854,,,,9,24318,,,,,,,,,,,,,,,,,,,,,,,,,,,,,,,,,,,,,,,,,,,
180855,11-May-19,10:17:12,2019-05-11 10:17:12,G,2,-1,189,115,0,6,-62.1833,-57.526,17:10.2,FastGPS,-62.1833,-57.526,,,4.7,-0.8,,,,15,27,3649,,,,16,17643,,,,26,7622,,,,13,23355,,,,10,23556,,,,7,5504,,,,,,,,,,,,,,,,,,,,,,,,,,,,,,,,,,,,,,,,,,,,,,,,
180855,11-May-19,11:17:18,2019-05-11 11:17:18,G,4,-1,190,115,0,6,-62.1822,-57.4733,17:17.2,FastGPS,-62.1822,-57.4733,,,6.8,0.2,,,,15,8,29636,,,,15,16103,,,,27,6235,,,,16,22253,,,,13,21627,,,,10,29098,,,,,,,,,,,,,,,,,,,,,,,,,,,,,,,,,,,,,,,,,,,,,,,,
180855,11-May-19,14:13:09,2019-05-11 14:13:09,G,14,-1,191,118,0,6,-62.1693,-57.3655,13:08.7,FastGPS,-62.1693,-57.3655,,,5.5,0.7,,,,15,10,30485,,,,32,6110,,,,14,8725,,,,22,15525,,,,8,2930,,,,11,31303,,,,,,,,,,,,,,,,,,,,,,,,,,,,,,,,,,,,,,,,,,,,,,,,
180855,11-May-19,15:32:49,2019-05-11 15:32:49,G,8,-1,192,,0,9,-62.1647,-57.3268,32:47.6,FastGPS,-62.1647,-57.3268,,,7.8,-0.3,,,,15,22,29258,,,,12,27873,,,,3,9821,,,,17,24517,,,,11,60,,,,18,17790,,,,1,4491,,,,19,13417,,,,32,4296,,,,,,,,,,,,,,,,,,,,,,,,,,,,,,,,,
180855,11-May-19,17:05:18,2019-05-11 17:05:18,G,14,-1,193,,0,9,-62.1622,-57.2859,05:16.2,FastGPS,-62.1622,-57.2859,,,14.8,-0.8,,,,15,23,14314,,,,12,22159,,,,6,15788,,,,25,4759,,,,3,18173,,,,31,17853,,,,1,14402,,,,14,19080,,,,19,30423,,,,,,,,,,,,,,,,,,,,,,,,,,,,,,,,,
180855,11-May-19,18:41:53,2019-05-11 18:41:53,G,6,-1,194,,0,9,-62.1621,-57.2411,41:51.6,FastGPS,-62.1621,-57.2411,,1,9.9,-0.4,,,,15,9,3832,,,,3,17202,,,,6,4460,,,,16,21696,,,,26,22859,,,,4,28401,,,,31,25299,,,,29,8155,,,,7,28017,,,,,,,,,,,,,,,,,,,,,,,,,,,,,,,,,
180855,11-May-19,19:46:30,2019-05-11 19:46:30,G,2,-1,195,120,0,8,-62.1626,-57.212,46:28.6,FastGPS,-62.1626,-57.212,,1,6.5,-0.4,,,,15,7,14407,,,,2,11458,,,,5,442,,,,29,28521,,,,9,16264,,,,4,5922,,,,30,29043,,,,6,21540,,,,,,,,,,,,,,,,,,,,,,,,,,,,,,,,,,,,,,
180855,11-May-19,20:52:06,2019-05-11 20:52:06,G,6,-1,196,120,0,6,-62.1606,-57.2007,52:05.2,FastGPS,-62.1606,-57.2007,,,10.2,0.2,,,,15,27,28623,,,,30,4538,,,,23,22344,,,,16,16354,,,,7,16006,,,,5,21660,,,,,,,,,,,,,,,,,,,,,,,,,,,,,,,,,,,,,,,,,,,,,,,,
180855,11-May-19,22:10:14,2019-05-11 22:10:14,G,4,-1,197,120,0,8,-62.1522,-57.1958,10:13.1,FastGPS,-62.1522,-57.1958,,1,7.6,0.1,,,,15,7,13885,,,,4,1715,,,,5,21928,,,,9,6258,,,,27,16016,,,,30,26358,,,,13,5072,,,,8,12678,,,,,,,,,,,,,,,,,,,,,,,,,,,,,,,,,,,,,,
180855,11-May-19,23:11:02,2019-05-11 23:11:02,G,10,-1,198,120,0,5,-62.1461,-57.2001,11:01.6,FastGPS,-62.1461,-57.2001,,,6.5,0.6,,,,15,7,12378,,,,30,558,,,,8,13913,,,,28,22574,,,,5,11135,,,,,,,,,,,,,,,,,,,,,,,,,,,,,,,,,,,,,,,,,,,,,,,,,,,,,
180855,12-May-19,0:26:02,2019-05-12 00:26:02,G,6,-1,199,121,0,7,-62.1359,-57.1917,26:00.1,FastGPS,-62.1359,-57.1917,,,7.9,-0.9,,,,15,28,3971,,,,17,25381,,,,30,14473,,,,8,6001,,,,24,10839,,,,11,7369,,,,10,30098,,,,,,,,,,,,,,,,,,,,,,,,,,,,,,,,,,,,,,,,,,,
180855,12-May-19,1:41:52,2019-05-12 01:41:52,G,4,-1,200,122,0,5,-62.1322,-57.1682,41:50.6,FastGPS,-62.1322,-57.1682,,,3.3,-0.4,,,,15,28,7243,,,,17,20490,,,,15,18445,,,,13,6242,,,,19,6886,,,,,,,,,,,,,,,,,,,,,,,,,,,,,,,,,,,,,,,,,,,,,,,,,,,,,
180855,12-May-19,2:42:02,2019-05-12 02:42:02,G,6,-1,201,122,0,6,-62.1258,-57.1519,42:00.6,FastGPS,-62.1258,-57.1519,,,7.4,-0.4,,,,15,17,2028,,,,32,11692,,,,6,21138,,,,19,27656,,,,1,9846,,,,24,16721,,,,,,,,,,,,,,,,,,,,,,,,,,,,,,,,,,,,,,,,,,,,,,,,
180855,12-May-19,3:58:01,2019-05-12 03:58:01,G,2,-1,202,123,0,8,-62.1158,-57.1374,57:59.6,FastGPS,-62.1158,-57.1374,,,15.9,-0.4,,,,15,12,5657,,,,14,89,,,,32,8980,,,,19,22823,,,,17,2315,,,,22,23730,,,,25,2831,,,,24,31152,,,,,,,,,,,,,,,,,,,,,,,,,,,,,,,,,,,,,,
180855,12-May-19,4:58:13,2019-05-12 04:58:13,G,10,-1,203,123,0,7,-62.1132,-57.1112,58:11.6,FastGPS,-62.1132,-57.1112,,,9.5,-0.4,,,,15,29,8172,,,,3,18679,,,,31,11526,,,,6,14797,,,,32,26581,,,,19,7063,,,,25,18790,,,,,,,,,,,,,,,,,,,,,,,,,,,,,,,,,,,,,,,,,,,
180855,12-May-19,5:58:00,2019-05-12 05:58:00,G,6,-1,204,123,0,5,-62.1106,-57.0923,57:58.7,FastGPS,-62.1106,-57.0923,,,7.5,-0.3,,,,15,31,977,,,,2,23700,,,,12,1924,,,,14,26524,,,,23,26406,,,,,,,,,,,,,,,,,,,,,,,,,,,,,,,,,,,,,,,,,,,,,,,,,,,,,
180855,12-May-19,7:00:11,2019-05-12 07:00:11,G,6,-1,205,123,0,6,-62.1022,-57.0919,00:09.5,FastGPS,-62.1022,-57.0919,,,2.2,-0.4,,,,15,29,8934,,,,26,2325,,,,31,9606,,,,5,29290,,,,23,21236,,,,25,31787,,,,,,,,,,,,,,,,,,,,,,,,,,,,,,,,,,,,,,,,,,,,,,,,
180855,12-May-19,8:00:44,2019-05-12 08:00:44,G,10,-1,206,123,0,6,-62.0965,-57.0852,00:42.1,FastGPS,-62.0965,-57.0852,,1,11.2,-0.9,,,,15,2,15506,,,,5,504,,,,25,25350,,,,4,17972,,,,26,20841,,,,16,7128,,,,,,,,,,,,,,,,,,,,,,,,,,,,,,,,,,,,,,,,,,,,,,,,
180855,12-May-19,10:01:00,2019-05-12 10:01:00,G,10,-1,207,127,0,5,-62.0847,-57.0506,00:59.1,FastGPS,-62.0847,-57.0506,,,2,0.1,,,,15,7,3151,,,,16,16996,,,,27,14175,,,,10,20699,,,,21,121,,,,,,,,,,,,,,,,,,,,,,,,,,,,,,,,,,,,,,,,,,,,,,,,,,,,,
180855,12-May-19,11:01:00,2019-05-12 11:01:00,G,18,-1,208,127,0,6,-62.0734,-57.0375,00:59.6,FastGPS,-62.0734,-57.0375,,,6.9,0.6,,,,15,21,11189,,,,15,11892,,,,27,17120,,,,16,27084,,,,10,19118,,,,20,23588,,,,,,,,,,,,,,,,,,,,,,,,,,,,,,,,,,,,,,,,,,,,,,,,
180855,12-May-19,12:16:00,2019-05-12 12:16:00,G,6,-1,209,128,0,6,-62.0588,-57.022,15:59.1,FastGPS,-62.0588,-57.022,,,8.3,0.1,,,,15,18,10381,,,,20,13628,,,,10,13592,,,,8,2261,,,,15,3709,,,,11,10891,,,,,,,,,,,,,,,,,,,,,,,,,,,,,,,,,,,,,,,,,,,,,,,,
180855,12-May-19,13:16:01,2019-05-12 13:16:01,G,2,-1,210,128,0,7,-62.0519,-56.9978,16:00.1,FastGPS,-62.0519,-56.9978,,,5.1,0.1,,,,15,10,11667,,,,11,18055,,,,32,29803,,,,8,11561,,,,18,10994,,,,1,29713,,,,24,30517,,,,,,,,,,,,,,,,,,,,,,,,,,,,,,,,,,,,,,,,,,,
180855,12-May-19,14:31:01,2019-05-12 14:31:01,G,8,-1,211,129,0,8,-62.0421,-56.9646,31:00.6,FastGPS,-62.0421,-56.9646,,,9.8,0.6,,,,15,17,17916,,,,3,28142,,,,8,606,,,,22,23544,,,,32,6543,,,,11,25492,,,,1,30857,,,,14,21754,,,,,,,,,,,,,,,,,,,,,,,,,,,,,,,,,,,,,,
180855,12-May-19,15:33:09,2019-05-12 15:33:09,G,6,-1,212,,0,9,-62.0315,-56.9608,33:08.1,FastGPS,-62.0315,-56.9608,,,7.3,0.1,,,,15,32,18249,,,,14,15816,,,,31,22955,,,,12,29996,,,,1,27568,,,,22,27650,,,,3,14588,,,,11,15076,,,,18,525,,,,,,,,,,,,,,,,,,,,,,,,,,,,,,,,,
180855,12-May-19,17:33:17,2019-05-12 17:33:17,G,10,-1,214,129,0,4,-61.9634,-57.1843,10:59.1,FastGPS,-62.0149,-56.9898,,,9.9,-0.6,,,,15,22,8245,,,,3,5666,,,,23,2917,,,,31,11586,,,,,,,,,,,,,,,,,,,,,,,,,,,,,,,,,,,,,,,,,,,,,,,,,,,,,,,,,,
180855,12-May-19,18:35:29,2019-05-12 18:35:29,G,4,-1,215,129,0,5,-62.0044,-57.0063,35:28.1,FastGPS,-62.0044,-57.0063,,,5.1,0.1,,,,15,3,486,,,,23,2872,,,,6,9952,,,,9,1570,,,,22,18248,,,,,,,,,,,,,,,,,,,,,,,,,,,,,,,,,,,,,,,,,,,,,,,,,,,,,
180855,12-May-19,19:52:05,2019-05-12 19:52:05,G,6,-1,216,,0,9,-61.9963,-57.0407,52:04.6,FastGPS,-61.9963,-57.0407,,1,10.9,0.6,,,,15,23,9544,,,,16,29951,,,,7,19180,,,,9,19657,,,,2,26605,,,,6,19922,,,,26,28560,,,,4,25189,,,,30,15041,,,,,,,,,,,,,,,,,,,,,,,,,,,,,,,,,
180855,12-May-19,20:52:20,2019-05-12 20:52:20,G,6,-1,217,130,0,6,-61.9935,-57.0628,52:19.6,FastGPS,-61.9935,-57.0628,,,4.7,0.6,,,,15,2,32475,,,,5,31743,,,,7,20278,,,,9,18596,,,,23,4809,,,,30,21802,,,,,,,,,,,,,,,,,,,,,,,,,,,,,,,,,,,,,,,,,,,,,,,,
180855,12-May-19,21:53:15,2019-05-12 21:53:15,G,8,-1,218,130,0,8,-61.99,-57.0926,53:14.5,FastGPS,-61.99,-57.0926,,1,10.7,0.5,,,,15,8,28018,,,,9,17291,,,,30,4607,,,,7,1961,,,,27,27786,,,,5,23249,,,,4,2334,,,,16,21116,,,,,,,,,,,,,,,,,,,,,,,,,,,,,,,,,,,,,,
180855,12-May-19,23:09:16,2019-05-12 23:09:16,G,6,-1,219,131,0,5,-61.9856,-57.1232,09:15.6,FastGPS,-61.9856,-57.1232,,,12.4,0.6,,,,15,7,24870,,,,28,20801,,,,30,17730,,,,8,1418,,,,5,24907,,,,,,,,,,,,,,,,,,,,,,,,,,,,,,,,,,,,,,,,,,,,,,,,,,,,,
180855,13-May-19,0:11:09,2019-05-13 00:11:09,G,4,-1,220,131,0,6,-61.98,-57.1443,11:08.0,FastGPS,-61.98,-57.1443,,,11.3,0.1,,,,15,17,18818,,,,30,4714,,,,15,31930,,,,13,1382,,,,28,18302,,,,11,8364,,,,,,,,,,,,,,,,,,,,,,,,,,,,,,,,,,,,,,,,,,,,,,,,
180855,13-May-19,1:11:02,2019-05-13 01:11:02,G,4,-1,221,131,0,6,-61.9754,-57.157,11:00.0,FastGPS,-61.9754,-57.157,,,10.3,-0.9,,,,15,17,10386,,,,13,11775,,,,15,550,,,,19,3747,,,,28,26640,,,,11,3269,,,,,,,,,,,,,,,,,,,,,,,,,,,,,,,,,,,,,,,,,,,,,,,,
180855,13-May-19,2:11:00,2019-05-13 02:11:00,G,2,-1,222,,0,9,-61.9705,-57.1714,10:58.0,FastGPS,-61.9705,-57.1714,,,18.9,-1,,,,15,15,3785,,,,12,10513,,,,17,12517,,,,13,8051,,,,19,18384,,,,10,21795,,,,1,7311,,,,24,11558,,,,11,20653,,,,,,,,,,,,,,,,,,,,,,,,,,,,,,,,,
180855,13-May-19,3:11:01,2019-05-13 03:11:01,G,4,-1,223,131,0,5,-61.9634,-57.1843,10:59.1,FastGPS,-61.9634,-57.1843,,,4.5,-0.9,,,,15,17,15909,,,,19,15057,,,,24,610,,,,12,25233,,,,25,6417,,,,,,,,,,,,,,,,,,,,,,,,,,,,,,,,,,,,,,,,,,,,,,,,,,,,,
180855,13-May-19,4:11:04,2019-05-13 04:11:04,G,2,-1,224,131,0,8,-61.9618,-57.1798,11:02.5,FastGPS,-61.9618,-57.1798,,,7,-0.5,,,,15,12,18600,,,,32,21062,,,,25,24801,,,,24,3383,,,,14,7812,,,,31,13458,,,,29,3993,,,,22,23924,,,,,,,,,,,,,,,,,,,,,,,,,,,,,,,,,,,,,,
180855,13-May-19,5:41:03,2019-05-13 05:41:03,G,8,-1,225,133,0,7,-61.9553,-57.1613,41:01.5,FastGPS,-61.9553,-57.1613,,,3.6,-0.5,,,,15,29,14125,,,,31,23525,,,,25,6846,,,,14,28359,,,,32,6414,,,,2,11751,,,,12,23450,,,,,,,,,,,,,,,,,,,,,,,,,,,,,,,,,,,,,,,,,,,
180855,13-May-19,6:41:01,2019-05-13 06:41:01,G,4,-1,226,133,0,7,-61.9409,-57.1724,40:59.5,FastGPS,-61.9409,-57.1724,,,1.4,-0.5,,,,15,5,1778,,,,12,6888,,,,2,10870,,,,31,10153,,,,6,23377,,,,25,20340,,,,9,12328,,,,,,,,,,,,,,,,,,,,,,,,,,,,,,,,,,,,,,,,,,,
180855,13-May-19,7:41:01,2019-05-13 07:41:01,G,12,-1,227,133,0,7,-61.9205,-57.2051,40:59.0,FastGPS,-61.9205,-57.2051,,,5.8,-1,,,,15,31,2963,,,,21,14703,,,,29,30507,,,,25,15574,,,,2,13266,,,,5,14506,,,,26,2046,,,,,,,,,,,,,,,,,,,,,,,,,,,,,,,,,,,,,,,,,,,
180855,13-May-19,8:42:51,2019-05-13 08:42:51,G,6,-1,228,133,0,4,-61.9409,-57.1724,40:59.5,FastGPS,-61.901,-57.2356,,,0.7,0,,,,15,29,23953,,,,26,778,,,,5,5201,,,,20,28051,,,,,,,,,,,,,,,,,,,,,,,,,,,,,,,,,,,,,,,,,,,,,,,,,,,,,,,,,,
180855,13-May-19,9:44:52,2019-05-13 09:44:52,G,8,-1,229,133,0,7,-61.8839,-57.2585,44:51.5,FastGPS,-61.8839,-57.2585,,,10.6,0.5,,,,15,10,26972,,,,29,20390,,,,15,4617,,,,26,14259,,,,20,18436,,,,16,19954,,,,27,32668,,,,,,,,,,,,,,,,,,,,,,,,,,,,,,,,,,,,,,,,,,,
180855,13-May-19,12:00:00,2019-05-13 12:00:00,G,4,-1,231,134,0,7,-61.8805,-57.3224,59:59.0,FastGPS,-61.8805,-57.3224,,,18.6,0,,,,15,18,10867,,,,32,15730,,,,8,31980,,,,11,9661,,,,21,8595,,,,16,1825,,,,15,11014,,,,,,,,,,,,,,,,,,,,,,,,,,,,,,,,,,,,,,,,,,,
180855,13-May-19,13:30:01,2019-05-13 13:30:01,G,6,-1,232,136,0,5,-61.8593,-57.3595,30:00.0,FastGPS,-61.8593,-57.3595,,,2,0,,,,15,10,20462,,,,32,13241,,,,11,20945,,,,8,29724,,,,18,12201,,,,,,,,,,,,,,,,,,,,,,,,,,,,,,,,,,,,,,,,,,,,,,,,,,,,,
180855,13-May-19,14:45:03,2019-05-13 14:45:03,G,4,-1,233,,0,9,-61.846,-57.3907,45:01.5,FastGPS,-61.846,-57.3907,,,9.3,-0.5,,,,15,22,28511,,,,31,25182,,,,1,8294,,,,17,25394,,,,3,18833,,,,18,13739,,,,32,3188,,,,14,23631,,,,8,30875,,,,,,,,,,,,,,,,,,,,,,,,,,,,,,,,,
180855,13-May-19,15:45:00,2019-05-13 15:45:00,G,4,-1,234,137,0,8,-61.8384,-57.4214,44:59.0,FastGPS,-61.8384,-57.4214,,,9.3,0,,,,15,23,21687,,,,18,17296,,,,17,20522,,,,11,2293,,,,22,6015,,,,3,22178,,,,19,18069,,,,1,8252,,,,,,,,,,,,,,,,,,,,,,,,,,,,,,,,,,,,,,
180855,13-May-19,17:15:00,2019-05-13 17:15:00,G,4,-1,235,,0,9,-61.818,-57.4291,14:58.0,FastGPS,-61.818,-57.4291,,,11.3,-1,,,,15,17,28756,,,,31,10762,,,,23,15489,,,,25,1822,,,,6,16741,,,,3,9693,,,,19,3284,,,,9,6478,,,,14,8878,,,,,,,,,,,,,,,,,,,,,,,,,,,,,,,,,
180855,13-May-19,18:30:00,2019-05-13 18:30:00,G,4,-1,236,140,0,6,-61.8025,-57.442,29:58.0,FastGPS,-61.8025,-57.442,,1,8,-1,,,,15,2,4465,,,,31,26520,,,,6,32258,,,,9,18874,,,,26,5541,,,,4,6051,,,,,,,,,,,,,,,,,,,,,,,,,,,,,,,,,,,,,,,,,,,,,,,,
180855,13-May-19,20:34:45,2019-05-13 20:34:45,G,8,-1,237,144,0,7,-61.7888,-57.5234,34:43.5,FastGPS,-61.7888,-57.5234,,1,5.9,-0.5,,,,15,5,19311,,,,9,4381,,,,7,31328,,,,30,30123,,,,2,14452,,,,23,19688,,,,4,24403,,,,,,,,,,,,,,,,,,,,,,,,,,,,,,,,,,,,,,,,,,,
180855,13-May-19,23:07:00,2019-05-13 23:07:00,G,4,-1,239,146,0,8,-61.7901,-57.6323,06:59.0,FastGPS,-61.7901,-57.6323,,,4.7,0,,,,15,15,11040,,,,5,9904,,,,7,3269,,,,13,27478,,,,27,22797,,,,20,25486,,,,21,20829,,,,30,1007,,,,,,,,,,,,,,,,,,,,,,,,,,,,,,,,,,,,,,
180855,14-May-19,0:07:01,2019-05-14 00:07:01,G,8,-1,240,146,0,8,-61.7944,-57.6551,06:59.5,FastGPS,-61.7944,-57.6551,,,9.6,-0.5,,,,15,15,19387,,,,13,21637,,,,28,3790,,,,8,5388,,,,18,7946,,,,11,23658,,,,17,4934,,,,20,28029,,,,,,,,,,,,,,,,,,,,,,,,,,,,,,,,,,,,,,
180855,14-May-19,1:07:03,2019-05-14 01:07:03,G,2,-1,241,146,0,4,-61.901,-57.2356,42:50.0,FastGPS,-61.7991,-57.6848,,,0.5,0.1,,,,15,17,18989,,,,15,11560,,,,19,13665,,,,28,145,,,,,,,,,,,,,,,,,,,,,,,,,,,,,,,,,,,,,,,,,,,,,,,,,,,,,,,,,,
180855,14-May-19,2:07:00,2019-05-14 02:07:00,G,2,-1,242,,0,9,-61.7963,-57.6993,06:58.9,FastGPS,-61.7963,-57.6993,,,10.2,-0.1,,,,15,15,29333,,,,17,1086,,,,12,4189,,,,28,4588,,,,24,3102,,,,18,9377,,,,19,8349,,,,1,26644,,,,13,32568,,,,,,,,,,,,,,,,,,,,,,,,,,,,,,,,,
180855,14-May-19,3:22:01,2019-05-14 03:22:01,G,2,-1,243,147,0,8,-61.7997,-57.7233,21:59.4,FastGPS,-61.7997,-57.7233,,,18.7,-0.6,,,,15,12,6967,,,,6,17128,,,,32,18588,,,,24,20298,,,,2,25939,,,,25,13437,,,,3,5648,,,,17,1291,,,,,,,,,,,,,,,,,,,,,,,,,,,,,,,,,,,,,,
180855,14-May-19,4:37:00,2019-05-14 04:37:00,G,2,-1,244,,0,9,-61.8051,-57.7554,36:58.9,FastGPS,-61.8051,-57.7554,,,13.9,-0.1,,,,15,32,1540,,,,25,22292,,,,12,28252,,,,14,629,,,,31,23233,,,,29,20264,,,,24,19768,,,,3,6694,,,,17,27828,,,,,,,,,,,,,,,,,,,,,,,,,,,,,,,,,
180855,14-May-19,5:37:00,2019-05-14 05:37:00,G,4,-1,245,148,0,4,-61.7939,-57.6423,5/13/2019 23:16,NP,-61.8077,-57.7544,,,2.1,-0.1,,,,15,29,454,,,,31,9228,,,,12,6461,,,,14,15468,,,,,,,,,,,,,,,,,,,,,,,,,,,,,,,,,,,,,,,,,,,,,,,,,,,,,,,,,,
180855,14-May-19,7:23:01,2019-05-14 07:23:01,G,4,-1,246,151,0,7,-61.8105,-57.7602,22:59.4,FastGPS,-61.8105,-57.7602,,,8.2,-0.6,,,,15,5,29042,,,,31,15543,,,,29,10104,,,,26,26006,,,,25,3591,,,,2,9505,,,,21,10219,,,,,,,,,,,,,,,,,,,,,,,,,,,,,,,,,,,,,,,,,,,
180855,14-May-19,8:23:00,2019-05-14 08:23:00,G,4,-1,247,151,0,6,-61.813,-57.7743,22:58.9,FastGPS,-61.813,-57.7743,,1,3,0,,,,15,21,7428,,,,29,13643,,,,16,31446,,,,26,5194,,,,31,1541,,,,4,3866,,,,,,,,,,,,,,,,,,,,,,,,,,,,,,,,,,,,,,,,,,,,,,,,
180855,14-May-19,9:24:26,2019-05-14 09:24:26,G,6,-1,248,151,0,7,-61.8144,-57.7712,24:24.4,FastGPS,-61.8144,-57.7712,,,7.5,-0.6,,,,15,20,27377,,,,29,31353,,,,26,506,,,,27,7523,,,,16,20729,,,,15,19885,,,,5,14363,,,,,,,,,,,,,,,,,,,,,,,,,,,,,,,,,,,,,,,,,,,
180855,14-May-19,11:39:02,2019-05-14 11:39:02,G,2,-1,250,152,0,5,-61.8171,-57.791,39:01.4,FastGPS,-61.8171,-57.791,,,6.6,0.4,,,,15,10,22993,,,,27,31132,,,,8,17154,,,,20,29199,,,,21,6604,,,,,,,,,,,,,,,,,,,,,,,,,,,,,,,,,,,,,,,,,,,,,,,,,,,,,
180855,14-May-19,12:39:02,2019-05-14 12:39:02,G,6,-1,251,,0,9,-61.814,-57.7783,39:01.4,FastGPS,-61.814,-57.7783,,,5.4,0.4,,,,15,27,22881,,,,8,22591,,,,32,20847,,,,18,1072,,,,10,1886,,,,11,4967,,,,15,7686,,,,28,25266,,,,1,9205,,,,,,,,,,,,,,,,,,,,,,,,,,,,,,,,,
180855,14-May-19,16:40:00,2019-05-14 16:40:00,G,2,-1,254,156,0,8,-61.7851,-57.7104,39:58.9,FastGPS,-61.7851,-57.7104,,,8,-0.1,,,,15,31,25303,,,,17,18407,,,,12,19248,,,,6,8095,,,,23,13980,,,,14,17327,,,,25,5538,,,,1,16073,,,,,,,,,,,,,,,,,,,,,,,,,,,,,,,,,,,,,,
180855,14-May-19,17:41:10,2019-05-14 17:41:10,G,6,-1,255,156,0,6,-61.7787,-57.7202,41:07.9,FastGPS,-61.7787,-57.7202,,,7.3,-1.1,,,,15,22,29194,,,,3,20844,,,,26,25423,,,,9,11124,,,,6,27685,,,,31,22200,,,,,,,,,,,,,,,,,,,,,,,,,,,,,,,,,,,,,,,,,,,,,,,,
180855,14-May-19,20:29:02,2019-05-14 20:29:02,G,6,-1,257,159,0,5,-61.7716,-57.7976,28:59.9,FastGPS,-61.7716,-57.7976,,,4,-1.1,,,,15,30,3699,,,,5,26935,,,,7,8041,,,,9,18445,,,,2,1117,,,,,,,,,,,,,,,,,,,,,,,,,,,,,,,,,,,,,,,,,,,,,,,,,,,,,
180855,14-May-19,21:29:01,2019-05-14 21:29:01,G,4,-1,258,159,0,5,-61.7606,-57.9775,31:07.3,FastGPS,-61.7694,-57.8241,,1,0.1,-0.6,,,,15,13,15974,,,,9,22867,,,,7,8458,,,,4,25852,,,,5,7413,,,,,,,,,,,,,,,,,,,,,,,,,,,,,,,,,,,,,,,,,,,,,,,,,,,,,
180855,14-May-19,22:29:01,2019-05-14 22:29:01,G,2,-1,259,159,0,5,-61.7662,-57.8493,28:59.4,FastGPS,-61.7662,-57.8493,,,4.7,-0.6,,,,15,5,25156,,,,28,10313,,,,15,5251,,,,13,13204,,,,30,19039,,,,,,,,,,,,,,,,,,,,,,,,,,,,,,,,,,,,,,,,,,,,,,,,,,,,,
180855,14-May-19,23:46:15,2019-05-14 23:46:15,G,4,-1,260,160,0,6,-61.7671,-57.9071,46:12.9,FastGPS,-61.7671,-57.9071,,,4.5,-1.1,,,,15,15,25752,,,,13,6359,,,,17,21616,,,,30,20171,,,,28,30276,,,,7,14594,,,,,,,,,,,,,,,,,,,,,,,,,,,,,,,,,,,,,,,,,,,,,,,,
180855,15-May-19,2:46:04,2019-05-15 02:46:04,G,6,-1,262,,0,9,-61.773,-57.9488,46:02.4,FastGPS,-61.773,-57.9488,,,11.7,-0.6,,,,15,1,21252,,,,32,17857,,,,25,3006,,,,12,10290,,,,17,24927,,,,6,18456,,,,14,9245,,,,15,26212,,,,22,2332,,,,,,,,,,,,,,,,,,,,,,,,,,,,,,,,,
180855,15-May-19,3:46:00,2019-05-15 03:46:00,G,2,-1,263,164,0,8,-61.7796,-57.9553,45:57.9,FastGPS,-61.7796,-57.9553,,,7.2,-1.1,,,,15,17,8691,,,,32,23047,,,,19,29808,,,,6,21513,,,,14,12351,,,,25,19086,,,,12,19962,,,,2,28754,,,,,,,,,,,,,,,,,,,,,,,,,,,,,,,,,,,,,,
180855,15-May-19,6:16:08,2019-05-15 06:16:08,G,4,-1,265,166,0,8,-61.7725,-57.9505,16:06.3,FastGPS,-61.7725,-57.9505,,,6.5,-0.6,,,,15,29,10086,,,,2,6981,,,,31,3137,,,,23,30232,,,,6,13623,,,,5,25863,,,,25,3670,,,,26,1347,,,,,,,,,,,,,,,,,,,,,,,,,,,,,,,,,,,,,,
180855,15-May-19,7:31:01,2019-05-15 07:31:01,G,2,-1,266,167,0,8,-61.7641,-57.9595,30:59.4,FastGPS,-61.7641,-57.9595,,,12.7,-0.6,,,,15,31,8699,,,,21,4307,,,,29,27602,,,,26,28198,,,,16,14658,,,,25,19208,,,,9,21603,,,,5,5142,,,,,,,,,,,,,,,,,,,,,,,,,,,,,,,,,,,,,,
180855,15-May-19,8:31:09,2019-05-15 08:31:09,G,2,-1,267,167,0,4,-61.8366,-58.1258,32:58.7,FastGPS,-61.7606,-57.9775,,,0.2,-0.7,,,,15,5,22454,,,,29,14376,,,,26,16932,,,,27,12243,,,,,,,,,,,,,,,,,,,,,,,,,,,,,,,,,,,,,,,,,,,,,,,,,,,,,,,,,,
180855,15-May-19,9:46:01,2019-05-15 09:46:01,G,6,-1,268,168,0,8,-61.7558,-58.0112,46:00.3,FastGPS,-61.7558,-58.0112,,,13.4,0.4,,,,15,10,10064,,,,7,1656,,,,26,19989,,,,20,18910,,,,27,5433,,,,16,20596,,,,15,28054,,,,29,8744,,,,,,,,,,,,,,,,,,,,,,,,,,,,,,,,,,,,,,
180855,15-May-19,10:46:00,2019-05-15 10:46:00,G,6,-1,269,168,0,7,-61.7584,-58.0539,45:58.3,FastGPS,-61.7584,-58.0539,,,7.1,-0.7,,,,15,27,24567,,,,10,22100,,,,16,17782,,,,8,8775,,,,20,30540,,,,30,28404,,,,21,26848,,,,,,,,,,,,,,,,,,,,,,,,,,,,,,,,,,,,,,,,,,,
180855,15-May-19,11:46:01,2019-05-15 11:46:01,G,4,-1,270,168,0,7,-61.7669,-58.0901,45:59.8,FastGPS,-61.7669,-58.0901,,,11.7,-0.2,,,,15,18,26245,,,,27,5922,,,,8,25510,,,,10,19078,,,,11,24170,,,,15,22146,,,,32,21748,,,,,,,,,,,,,,,,,,,,,,,,,,,,,,,,,,,,,,,,,,,
180855,15-May-19,12:46:16,2019-05-15 12:46:16,G,4,-1,271,168,0,5,-61.7705,-58.1278,46:15.1,FastGPS,-61.7705,-58.1278,,,5.7,0.1,,,,15,8,15413,,,,27,18557,,,,32,3264,,,,11,10493,,,,18,5048,,,,,,,,,,,,,,,,,,,,,,,,,,,,,,,,,,,,,,,,,,,,,,,,,,,,,
180855,15-May-19,13:46:00,2019-05-15 13:46:00,G,6,-1,272,168,0,7,-61.7804,-58.1261,45:58.8,FastGPS,-61.7804,-58.1261,,,5.6,-0.2,,,,15,1,31225,,,,22,16166,,,,32,3960,,,,18,24554,,,,11,3247,,,,10,11156,,,,3,732,,,,,,,,,,,,,,,,,,,,,,,,,,,,,,,,,,,,,,,,,,,
180855,15-May-19,14:46:12,2019-05-15 14:46:12,G,12,-1,273,168,0,8,-61.7806,-58.1205,46:11.4,FastGPS,-61.7806,-58.1205,,,10.4,0.4,,,,15,17,3903,,,,32,3270,,,,18,18434,,,,22,5828,,,,19,9138,,,,11,151,,,,31,15615,,,,12,3033,,,,,,,,,,,,,,,,,,,,,,,,,,,,,,,,,,,,,,
180855,15-May-19,16:01:01,2019-05-15 16:01:01,G,6,-1,274,,0,9,-61.7936,-58.1213,00:59.9,FastGPS,-61.7936,-58.1213,,,5.8,-0.1,,,,15,17,23168,,,,12,24899,,,,1,13659,,,,22,25682,,,,19,11164,,,,3,25303,,,,23,6865,,,,11,10199,,,,32,19392,,,,,,,,,,,,,,,,,,,,,,,,,,,,,,,,,
180855,15-May-19,17:02:15,2019-05-15 17:02:15,G,4,-1,275,169,0,8,-61.8042,-58.1228,02:14.3,FastGPS,-61.8042,-58.1228,,,6.1,0.4,,,,15,17,22013,,,,23,7588,,,,3,18010,,,,6,8631,,,,22,22205,,,,19,19837,,,,12,30980,,,,31,15558,,,,,,,,,,,,,,,,,,,,,,,,,,,,,,,,,,,,,,
180855,15-May-19,18:02:01,2019-05-15 18:02:01,G,8,-1,276,169,0,7,-61.8132,-58.1213,01:59.8,FastGPS,-61.8132,-58.1213,,1,7.1,-0.2,,,,15,9,8032,,,,6,22449,,,,23,9154,,,,4,6708,,,,2,739,,,,3,13741,,,,29,10344,,,,,,,,,,,,,,,,,,,,,,,,,,,,,,,,,,,,,,,,,,,
180855,15-May-19,19:02:00,2019-05-15 19:02:00,G,6,-1,277,169,0,7,-61.8216,-58.1153,01:59.3,FastGPS,-61.8216,-58.1153,,1,7.4,0.3,,,,15,2,1229,,,,7,24703,,,,4,32038,,,,29,26574,,,,9,21754,,,,5,29105,,,,6,12627,,,,,,,,,,,,,,,,,,,,,,,,,,,,,,,,,,,,,,,,,,,
180855,15-May-19,20:33:00,2019-05-15 20:33:00,G,4,-1,278,171,0,5,-61.8683,-58.1804,47:57.8,FastGPS,-61.8366,-58.1258,,1,0.4,-0.3,,,,15,7,1644,,,,30,20272,,,,5,3838,,,,9,19158,,,,4,18034,,,,,,,,,,,,,,,,,,,,,,,,,,,,,,,,,,,,,,,,,,,,,,,,,,,,,
180855,15-May-19,21:33:00,2019-05-15 21:33:00,G,6,-1,279,171,0,4,-61.8683,-58.1804,47:57.8,FastGPS,,,,,,,,,,15,5,31969,,,,9,14162,,,,4,26241,,,,13,10850,,,,,,,,,,,,,,,,,,,,,,,,,,,,,,,,,,,,,,,,,,,,,,,,,,,,,,,,,,
180855,15-May-19,22:33:00,2019-05-15 22:33:00,G,4,-1,280,171,0,7,-61.8486,-58.1635,32:58.8,FastGPS,-61.8486,-58.1635,,,4,-0.2,,,,15,5,20220,,,,15,26529,,,,28,30745,,,,13,22277,,,,30,27556,,,,7,26529,,,,27,31475,,,,,,,,,,,,,,,,,,,,,,,,,,,,,,,,,,,,,,,,,,,
180855,15-May-19,23:48:01,2019-05-15 23:48:01,G,2,-1,281,172,0,6,-61.8564,-58.1692,47:58.8,FastGPS,-61.8564,-58.1692,,,7.3,-1.2,,,,15,15,11786,,,,24,26762,,,,28,7469,,,,13,8744,,,,11,14939,,,,30,2708,,,,,,,,,,,,,,,,,,,,,,,,,,,,,,,,,,,,,,,,,,,,,,,,
180855,16-May-19,4:48:00,2019-05-16 04:48:00,G,2,-1,285,176,0,8,-61.8683,-58.1804,47:57.8,FastGPS,-61.8683,-58.1804,,,5.3,-1.2,,,,15,29,19904,,,,32,26606,,,,31,20162,,,,14,17088,,,,24,11220,,,,25,15563,,,,2,14878,,,,12,26273,,,,,,,,,,,,,,,,,,,,,,,,,,,,,,,,,,,,,,
180855,16-May-19,6:18:00,2019-05-16 06:18:00,G,4,-1,286,178,0,8,-61.8726,-58.1891,17:57.8,FastGPS,-61.8726,-58.1891,,,3.7,-1.2,,,,15,31,27489,,,,29,9528,,,,26,20184,,,,25,16612,,,,2,14144,,,,23,23943,,,,6,9577,,,,9,23564,,,,,,,,,,,,,,,,,,,,,,,,,,,,,,,,,,,,,,
180855,16-May-19,7:18:46,2019-05-16 07:18:46,G,4,-1,287,178,0,6,-61.8766,-58.2124,18:44.3,FastGPS,-61.8766,-58.2124,,,1.9,-0.7,,,,15,31,9524,,,,21,1976,,,,29,10244,,,,25,24332,,,,16,20014,,,,23,28731,,,,,,,,,,,,,,,,,,,,,,,,,,,,,,,,,,,,,,,,,,,,,,,,
180855,16-May-19,8:34:29,2019-05-16 08:34:29,G,6,-1,288,179,0,5,-61.8812,-58.2432,34:27.8,FastGPS,-61.8812,-58.2432,,,3.2,-0.2,,,,15,16,12217,,,,20,4017,,,,5,14482,,,,29,30125,,,,21,21879,,,,,,,,,,,,,,,,,,,,,,,,,,,,,,,,,,,,,,,,,,,,,,,,,,,,,
180855,16-May-19,9:49:00,2019-05-16 09:49:00,G,4,-1,289,,0,9,-61.8839,-58.2796,48:57.8,FastGPS,-61.8839,-58.2796,,,12.8,-1.2,,,,15,10,14974,,,,27,3984,,,,16,20884,,,,20,11804,,,,7,4031,,,,26,31983,,,,29,11534,,,,15,17206,,,,13,1296,,,,,,,,,,,,,,,,,,,,,,,,,,,,,,,,,
180855,16-May-19,10:50:06,2019-05-16 10:50:06,G,6,-1,290,,0,9,-61.885,-58.3077,50:03.8,FastGPS,-61.885,-58.3077,,,15,-1.2,,,,15,8,2487,,,,21,23725,,,,10,8469,,,,16,15476,,,,20,27841,,,,27,30582,,,,7,9952,,,,15,8859,,,,18,5928,,,,,,,,,,,,,,,,,,,,,,,,,,,,,,,,,
180855,16-May-19,11:50:00,2019-05-16 11:50:00,G,10,-1,291,,0,9,-61.8892,-58.3352,49:57.8,FastGPS,-61.8892,-58.3352,,,10.1,-1.2,,,,15,10,6330,,,,32,10423,,,,27,10130,,,,11,8184,,,,18,8993,,,,8,22814,,,,21,10402,,,,20,26821,,,,15,19312,,,,,,,,,,,,,,,,,,,,,,,,,,,,,,,,,
180855,16-May-19,12:50:01,2019-05-16 12:50:01,G,4,-1,292,180,0,8,-61.8985,-58.3603,49:58.8,FastGPS,-61.8985,-58.3603,,,5.3,-1.2,,,,15,32,2587,,,,11,5195,,,,28,30070,,,,27,24163,,,,1,3164,,,,18,31104,,,,8,8469,,,,22,5485,,,,,,,,,,,,,,,,,,,,,,,,,,,,,,,,,,,,,,
180855,16-May-19,14:21:34,2019-05-16 14:21:34,G,2,-1,293,,0,9,-61.9155,-58.3971,21:31.8,FastGPS,-61.9155,-58.3971,,,14,-1.2,,,,15,3,5637,,,,22,25844,,,,17,20843,,,,1,23293,,,,18,20668,,,,11,1976,,,,10,6456,,,,14,5623,,,,8,16159,,,,,,,,,,,,,,,,,,,,,,,,,,,,,,,,,
180855,16-May-19,17:21:00,2019-05-16 17:21:00,G,2,-1,296,,0,9,-61.9246,-58.4195,20:57.8,FastGPS,-61.9246,-58.4195,,1,5.7,-1.2,,,,15,3,1814,,,,22,28952,,,,9,17121,,,,6,29056,,,,4,19834,,,,31,2272,,,,19,18490,,,,23,20109,,,,17,13391,,,,,,,,,,,,,,,,,,,,,,,,,,,,,,,,,
180855,16-May-19,19:22:00,2019-05-16 19:22:00,G,2,-1,298,182,0,8,-61.936,-58.4472,21:57.8,FastGPS,-61.936,-58.4472,,,8.9,-1.2,,,,15,29,27028,,,,5,14259,,,,26,5410,,,,16,32384,,,,2,19335,,,,6,5166,,,,7,30046,,,,23,9444,,,,,,,,,,,,,,,,,,,,,,,,,,,,,,,,,,,,,,
180855,16-May-19,20:37:00,2019-05-16 20:37:00,G,2,-1,299,183,0,7,-61.9431,-58.4455,36:57.8,FastGPS,-61.9431,-58.4455,,,5.5,-1.2,,,,15,5,10197,,,,7,23835,,,,30,1076,,,,16,3385,,,,2,7060,,,,9,16383,,,,23,28378,,,,,,,,,,,,,,,,,,,,,,,,,,,,,,,,,,,,,,,,,,,
180855,17-May-19,13:38:05,2019-05-17 13:38:05,G,2,-1,306,202,0,8,-62.0074,-58.6875,38:02.7,FastGPS,-62.0074,-58.6875,,,4.4,-1.2,,,,15,32,19303,,,,10,24872,,,,14,1542,,,,22,2321,,,,8,11763,,,,11,22237,,,,1,19114,,,,27,2631,,,,,,,,,,,,,,,,,,,,,,,,,,,,,,,,,,,,,,
180855,17-May-19,14:38:04,2019-05-17 14:38:04,G,2,-1,307,,0,9,-62.0129,-58.7044,38:01.7,FastGPS,-62.0129,-58.7044,,,7.7,-1.3,,,,15,8,13205,,,,3,17509,,,,31,19812,,,,17,15428,,,,18,25049,,,,14,16264,,,,1,12059,,,,11,8034,,,,32,9261,,,,,,,,,,,,,,,,,,,,,,,,,,,,,,,,,
180855,17-May-19,15:38:03,2019-05-17 15:38:03,G,2,-1,308,202,0,7,-62.0189,-58.7208,38:01.2,FastGPS,-62.0189,-58.7208,,,2.8,-0.8,,,,15,31,12666,,,,22,22388,,,,1,5948,,,,19,22684,,,,3,26235,,,,17,4009,,,,14,1068,,,,,,,,,,,,,,,,,,,,,,,,,,,,,,,,,,,,,,,,,,,
180855,17-May-19,19:29:07,2019-05-17 19:29:07,G,6,-1,311,205,0,8,-62.0243,-58.7473,29:04.7,FastGPS,-62.0243,-58.7473,,1,3.4,-1.2,,,,15,7,27287,,,,23,25876,,,,4,6809,,,,26,9841,,,,2,23845,,,,5,22511,,,,9,2671,,,,16,2883,,,,,,,,,,,,,,,,,,,,,,,,,,,,,,,,,,,,,,
180855,17-May-19,20:29:01,2019-05-17 20:29:01,G,6,-1,312,205,0,8,-62.0269,-58.7722,28:58.7,FastGPS,-62.0269,-58.7722,,1,5,-1.3,,,,15,30,1273,,,,27,9842,,,,23,23931,,,,7,1673,,,,5,15734,,,,16,23239,,,,9,5036,,,,4,12098,,,,,,,,,,,,,,,,,,,,,,,,,,,,,,,,,,,,,,
180855,17-May-19,22:59:00,2019-05-17 22:59:00,G,4,-1,314,207,0,8,-62.026,-58.8229,58:58.7,FastGPS,-62.026,-58.8229,,1,7.4,-0.3,,,,15,7,24538,,,,28,5510,,,,30,6845,,,,8,7245,,,,15,11726,,,,11,23807,,,,4,5200,,,,13,7906,,,,,,,,,,,,,,,,,,,,,,,,,,,,,,,,,,,,,,
180855,18-May-19,0:29:00,2019-05-18 00:29:00,G,4,-1,315,209,0,6,-62.0266,-58.8618,28:59.2,FastGPS,-62.0266,-58.8618,,,5.7,0.2,,,,15,19,22445,,,,15,6474,,,,13,166,,,,30,7540,,,,17,4500,,,,1,29467,,,,,,,,,,,,,,,,,,,,,,,,,,,,,,,,,,,,,,,,,,,,,,,,
